{"idx": "1010-C-6", "code": "\n\n        for (int j = i - 1; (j >= 0) && (price[i] >= price[j]); j--)\n            S[i]++;\n    }\n}\n", "comment": "/* Traverse left while the next element on left is smaller\n than price[i]*/", "problem_desc": "The Stock Span Problem", "snippet": "for (int j = i - 1; (j >= 0) && (price[i] >= price[j]); j--)\nS[i]++;\n}\n}", "tokens": ["for", "(", "int", "j", "=", "i", "-", "1", ";", "(", "j", ">=", "0", ")", "&&", "(", "price", "[", "i", "]", ">=", "price", "[", "j", "]", ")", ";", "j", "--", ")", "S", "[", "i", "]", "++", ";", "}", "}"], "comment_tokens": ["Traverse", "left", "while", "the", "next", "element", "on", "left", "is", "smaller", "than", "price", "[", "i", "]"], "desc_tokens": ["The", "Stock", "Span", "Problem"]}
