{"idx": "1010-C-8", "code": "\n\nint main()\n{\n    int price[] = { 10, 4, 5, 90, 120, 80 };\n    int n = sizeof(price) / sizeof(price[0]);\n    int S[n];\n", "comment": "/*Driver program to test above function*/", "problem_desc": "The Stock Span Problem", "snippet": "int main()\n{\nint price[] = { 10, 4, 5, 90, 120, 80 };\nint n = sizeof(price) / sizeof(price[0]);\nint S[n];", "tokens": ["int", "main", "(", ")", "{", "int", "price", "[", "]", "=", "{", "10", ",", "4", ",", "5", ",", "90", ",", "120", ",", "80", "}", ";", "int", "n", "=", "sizeof", "(", "price", ")", "/", "sizeof", "(", "price", "[", "0", "]", ")", ";", "int", "S", "[", "n", "]", ";"], "comment_tokens": ["Driver", "program", "to", "test", "above", "function"], "desc_tokens": ["The", "Stock", "Span", "Problem"]}
