{"idx": "1010-C-7", "code": "\n\nvoid printArray(int arr[], int n)\n{\n    for (int i = 0; i < n; i++)\n        printf(\"%d \", arr[i]);\n}\n", "comment": "/*A utility function to print elements of array*/", "problem_desc": "The Stock Span Problem", "snippet": "void printArray(int arr[], int n)\n{\nfor (int i = 0; i < n; i++)\nprintf(\"%d \", arr[i]);\n}", "tokens": ["void", "printArray", "(", "int", "arr", "[", "]", ",", "int", "n", ")", "{", "for", "(", "int", "i", "=", "0", ";", "i", "<", "n", ";", "i", "++", ")", "printf", "(", "\" % d \u2581 \"", ",", "arr", "[", "i", "]", ")", ";", "}"], "comment_tokens": ["A", "utility", "function", "to", "print", "elements", "of", "array"], "desc_tokens": ["The", "Stock", "Span", "Problem"]}
