{"idx": "1010-C-4", "code": "\n\n    for (int i = 1; i < n; i++) {\n", "comment": "/* Calculate span value of remaining days by linearly checking\n previous days*/", "problem_desc": "The Stock Span Problem", "snippet": "for (int i = 1; i < n; i++) {", "tokens": ["for", "(", "int", "i", "=", "1", ";", "i", "<", "n", ";", "i", "++", ")", "{"], "comment_tokens": ["Calculate", "span", "value", "of", "remaining", "days", "by", "linearly", "checking", "previous", "days"], "desc_tokens": ["The", "Stock", "Span", "Problem"]}
