{"idx": "1015-C-2", "code": "\n\nvoid printNGE(int arr[], int n)\n{\n    int next, i, j;\n    for (i=0; i<n; i++)\n    {\n        next = -1;\n        for (j = i+1; j<n; j++)\n        {\n            if (arr[i] < arr[j])\n            {\n                next = arr[j];\n                break;\n            }\n        }\n        printf(\"%d -- %dn\", arr[i], next);\n    }\n}\n", "comment": "/* prints element and NGE pair for all elements of\narr[] of size n */", "problem_desc": "Next Greater Element", "snippet": "void printNGE(int arr[], int n)\n{\nint next, i, j;\nfor (i=0; i<n; i++)\n{\nnext = -1;\nfor (j = i+1; j<n; j++)\n{\nif (arr[i] < arr[j])\n{\nnext = arr[j];\nbreak;\n}\n}\nprintf(\"%d -- %dn\", arr[i], next);\n}\n}", "tokens": ["void", "printNGE", "(", "int", "arr", "[", "]", ",", "int", "n", ")", "{", "int", "next", ",", "i", ",", "j", ";", "for", "(", "i", "=", "0", ";", "i", "<", "n", ";", "i", "++", ")", "{", "next", "=", "-1", ";", "for", "(", "j", "=", "i", "+", "1", ";", "j", "<", "n", ";", "j", "++", ")", "{", "if", "(", "arr", "[", "i", "]", "<", "arr", "[", "j", "]", ")", "{", "next", "=", "arr", "[", "j", "]", ";", "break", ";", "}", "}", "printf", "(", "\" % d \u2581 - - \u2581 % dn \"", ",", "arr", "[", "i", "]", ",", "next", ")", ";", "}", "}"], "comment_tokens": ["prints", "element", "and", "NGE", "pair", "for", "all", "elements", "of", "arr", "[", "]", "of", "size", "n"], "desc_tokens": ["Next", "Greater", "Element"]}
