{"idx": "1015-C-3", "code": "\n\nint main()\n{\n    int arr[]= {11, 13, 21, 3};\n    int n = sizeof(arr)/sizeof(arr[0]);\n    printNGE(arr, n);\n    return 0;\n}", "comment": "/* Driver Code*/", "problem_desc": "Next Greater Element", "snippet": "int main()\n{\nint arr[]= {11, 13, 21, 3};\nint n = sizeof(arr)/sizeof(arr[0]);\nprintNGE(arr, n);\nreturn 0;\n}", "tokens": ["int", "main", "(", ")", "{", "int", "arr", "[", "]", "=", "{", "11", ",", "13", ",", "21", ",", "3", "}", ";", "int", "n", "=", "sizeof", "(", "arr", ")", "/", "sizeof", "(", "arr", "[", "0", "]", ")", ";", "printNGE", "(", "arr", ",", "n", ")", ";", "return", "0", ";", "}"], "comment_tokens": ["Driver", "Code"], "desc_tokens": ["Next", "Greater", "Element"]}
