{"idx": "1373-C-4", "code": "\n\n        for (int j = i + 1; j < n; j++) {\n            (arr[j] == 0) ? (sum += -1) : (sum += 1);\n", "comment": "/* Consider all subarrays starting from i*/", "problem_desc": "Largest subarray with equal number of 0s and 1s", "snippet": "for (int j = i + 1; j < n; j++) {\n(arr[j] == 0) ? (sum += -1) : (sum += 1);", "tokens": ["for", "(", "int", "j", "=", "i", "+", "1", ";", "j", "<", "n", ";", "j", "++", ")", "{", "(", "arr", "[", "j", "]", "==", "0", ")", "?", "(", "sum", "+=", "-1", ")", ":", "(", "sum", "+=", "1", ")", ";"], "comment_tokens": ["Consider", "all", "subarrays", "starting", "from", "i"], "desc_tokens": ["Largest", "subarray", "with", "equal", "number", "of", "0", "s", "and", "1", "s"]}
