{"idx": "1373-C-2", "code": "\n\nint findSubArray(int arr[], int n)\n{\n    int sum = 0;\n    int maxsize = -1, startindex;\n", "comment": "/*This function Prints the starting and ending\nindexes of the largest subarray with equal\nnumber of 0s and 1s. Also returns the size\nof such subarray.*/", "problem_desc": "Largest subarray with equal number of 0s and 1s", "snippet": "int findSubArray(int arr[], int n)\n{\nint sum = 0;\nint maxsize = -1, startindex;", "tokens": ["int", "findSubArray", "(", "int", "arr", "[", "]", ",", "int", "n", ")", "{", "int", "sum", "=", "0", ";", "int", "maxsize", "=", "-1", ",", "startindex", ";"], "comment_tokens": ["This", "function", "Prints", "the", "starting", "and", "ending", "indexes", "of", "the", "largest", "subarray", "with", "equal", "number", "of", "0", "s", "and", "1", "s", ".", "Also", "returns", "the", "size", "of", "such", "subarray", "."], "desc_tokens": ["Largest", "subarray", "with", "equal", "number", "of", "0", "s", "and", "1", "s"]}
