{"idx": "1373-C-5", "code": "\n\n            if (sum == 0 && maxsize < j - i + 1) {\n                maxsize = j - i + 1;\n                startindex = i;\n            }\n        }\n    }\n    if (maxsize == -1)\n        printf(\"No such subarray\");\n    else\n        printf(\"%d to %d\", startindex, startindex + maxsize - 1);\n    return maxsize;\n}\n", "comment": "/* If this is a 0 sum subarray, then\n compare it with maximum size subarray\n calculated so far*/", "problem_desc": "Largest subarray with equal number of 0s and 1s", "snippet": "if (sum == 0 && maxsize < j - i + 1) {\nmaxsize = j - i + 1;\nstartindex = i;\n}\n}\n}\nif (maxsize == -1)\nprintf(\"No such subarray\");\nelse\nprintf(\"%d to %d\", startindex, startindex + maxsize - 1);\nreturn maxsize;\n}", "tokens": ["if", "(", "sum", "==", "0", "&&", "maxsize", "<", "j", "-", "i", "+", "1", ")", "{", "maxsize", "=", "j", "-", "i", "+", "1", ";", "startindex", "=", "i", ";", "}", "}", "}", "if", "(", "maxsize", "==", "-1", ")", "printf", "(", "\" No \u2581 such \u2581 subarray \"", ")", ";", "else", "printf", "(", "\" % d \u2581 to \u2581 % d \"", ",", "startindex", ",", "startindex", "+", "maxsize", "-", "1", ")", ";", "return", "maxsize", ";", "}"], "comment_tokens": ["If", "this", "is", "a", "0", "sum", "subarray", ",", "then", "compare", "it", "with", "maximum", "size", "subarray", "calculated", "so", "far"], "desc_tokens": ["Largest", "subarray", "with", "equal", "number", "of", "0", "s", "and", "1", "s"]}
