{"idx": "1373-C-3", "code": "\n\n    for (int i = 0; i < n - 1; i++) {\n        sum = (arr[i] == 0) ? -1 : 1;\n", "comment": "/* Pick a starting point as i*/", "problem_desc": "Largest subarray with equal number of 0s and 1s", "snippet": "for (int i = 0; i < n - 1; i++) {\nsum = (arr[i] == 0) ? -1 : 1;", "tokens": ["for", "(", "int", "i", "=", "0", ";", "i", "<", "n", "-", "1", ";", "i", "++", ")", "{", "sum", "=", "(", "arr", "[", "i", "]", "==", "0", ")", "?", "-1", ":", "1", ";"], "comment_tokens": ["Pick", "a", "starting", "point", "as", "i"], "desc_tokens": ["Largest", "subarray", "with", "equal", "number", "of", "0", "s", "and", "1", "s"]}
