{"idx": "1373-C-6", "code": "\n\nint main()\n{\n    int arr[] = { 1, 0, 0, 1, 0, 1, 1 };\n    int size = sizeof(arr) / sizeof(arr[0]);\n    findSubArray(arr, size);\n    return 0;\n}", "comment": "/* Driver program to test above functions*/", "problem_desc": "Largest subarray with equal number of 0s and 1s", "snippet": "int main()\n{\nint arr[] = { 1, 0, 0, 1, 0, 1, 1 };\nint size = sizeof(arr) / sizeof(arr[0]);\nfindSubArray(arr, size);\nreturn 0;\n}", "tokens": ["int", "main", "(", ")", "{", "int", "arr", "[", "]", "=", "{", "1", ",", "0", ",", "0", ",", "1", ",", "0", ",", "1", ",", "1", "}", ";", "int", "size", "=", "sizeof", "(", "arr", ")", "/", "sizeof", "(", "arr", "[", "0", "]", ")", ";", "findSubArray", "(", "arr", ",", "size", ")", ";", "return", "0", ";", "}"], "comment_tokens": ["Driver", "program", "to", "test", "above", "functions"], "desc_tokens": ["Largest", "subarray", "with", "equal", "number", "of", "0", "s", "and", "1", "s"]}
