{"idx": "1428-C-4", "code": "\n\nvoid printArray(int arr[], int n)\n{\n    int i;\n    for (i = 0; i < n; i++)\n        printf(\"%d \", arr[i]);\n}\n", "comment": "/* utility function to print an array */", "problem_desc": "Program for array rotation", "snippet": "void printArray(int arr[], int n)\n{\nint i;\nfor (i = 0; i < n; i++)\nprintf(\"%d \", arr[i]);\n}", "tokens": ["void", "printArray", "(", "int", "arr", "[", "]", ",", "int", "n", ")", "{", "int", "i", ";", "for", "(", "i", "=", "0", ";", "i", "<", "n", ";", "i", "++", ")", "printf", "(", "\" % d \u2581 \"", ",", "arr", "[", "i", "]", ")", ";", "}"], "comment_tokens": ["utility", "function", "to", "print", "an", "array"], "desc_tokens": ["Program", "for", "array", "rotation"]}
