{"idx": "1428-C-5", "code": "\n\nint main()\n{\n    int arr[] = { 1, 2, 3, 4, 5, 6, 7 };\n    leftRotate(arr, 2, 7);\n    printArray(arr, 7);\n    return 0;\n}", "comment": "/* Driver program to test above functions */", "problem_desc": "Program for array rotation", "snippet": "int main()\n{\nint arr[] = { 1, 2, 3, 4, 5, 6, 7 };\nleftRotate(arr, 2, 7);\nprintArray(arr, 7);\nreturn 0;\n}", "tokens": ["int", "main", "(", ")", "{", "int", "arr", "[", "]", "=", "{", "1", ",", "2", ",", "3", ",", "4", ",", "5", ",", "6", ",", "7", "}", ";", "leftRotate", "(", "arr", ",", "2", ",", "7", ")", ";", "printArray", "(", "arr", ",", "7", ")", ";", "return", "0", ";", "}"], "comment_tokens": ["Driver", "program", "to", "test", "above", "functions"], "desc_tokens": ["Program", "for", "array", "rotation"]}
