{"idx": "1428-C-3", "code": "\n\nvoid leftRotate(int arr[], int d, int n)\n{\n    int i;\n    for (i = 0; i < d; i++)\n        leftRotatebyOne(arr, n);\n}\n\n", "comment": "/*Function to left rotate arr[] of size n by d*/", "problem_desc": "Program for array rotation", "snippet": "void leftRotate(int arr[], int d, int n)\n{\nint i;\nfor (i = 0; i < d; i++)\nleftRotatebyOne(arr, n);\n}", "tokens": ["void", "leftRotate", "(", "int", "arr", "[", "]", ",", "int", "d", ",", "int", "n", ")", "{", "int", "i", ";", "for", "(", "i", "=", "0", ";", "i", "<", "d", ";", "i", "++", ")", "leftRotatebyOne", "(", "arr", ",", "n", ")", ";", "}"], "comment_tokens": ["Function", "to", "left", "rotate", "arr", "[", "]", "of", "size", "n", "by", "d"], "desc_tokens": ["Program", "for", "array", "rotation"]}
