{"idx": "1428-C-2", "code": "\n\nvoid leftRotatebyOne(int arr[], int n);\nvoid leftRotatebyOne(int arr[], int n)\n{\n    int temp = arr[0], i;\n    for (i = 0; i < n - 1; i++)\n        arr[i] = arr[i + 1];\n    arr[n-1] = temp;\n}", "comment": "/* Function to left Rotate arr[] of size n by 1*/", "problem_desc": "Program for array rotation", "snippet": "void leftRotatebyOne(int arr[], int n);\nvoid leftRotatebyOne(int arr[], int n)\n{\nint temp = arr[0], i;\nfor (i = 0; i < n - 1; i++)\narr[i] = arr[i + 1];\narr[n-1] = temp;\n}", "tokens": ["void", "leftRotatebyOne", "(", "int", "arr", "[", "]", ",", "int", "n", ")", ";", "void", "leftRotatebyOne", "(", "int", "arr", "[", "]", ",", "int", "n", ")", "{", "int", "temp", "=", "arr", "[", "0", "]", ",", "i", ";", "for", "(", "i", "=", "0", ";", "i", "<", "n", "-", "1", ";", "i", "++", ")", "arr", "[", "i", "]", "=", "arr", "[", "i", "+", "1", "]", ";", "arr", "[", "n", "-", "1", "]", "=", "temp", ";", "}"], "comment_tokens": ["Function", "to", "left", "Rotate", "arr", "[", "]", "of", "size", "n", "by", "1"], "desc_tokens": ["Program", "for", "array", "rotation"]}
