{"idx": "1447-C-7", "code": "\n\n    if (arr[high] > arr[mid])\n       return findMin(arr, low, mid-1);\n    return findMin(arr, mid+1, high);\n}\n", "comment": "/* Decide whether we need to go to left half or right half*/", "problem_desc": "Find the minimum element in a sorted and rotated array", "snippet": "if (arr[high] > arr[mid])\nreturn findMin(arr, low, mid-1);\nreturn findMin(arr, mid+1, high);\n}", "tokens": ["if", "(", "arr", "[", "high", "]", ">", "arr", "[", "mid", "]", ")", "return", "findMin", "(", "arr", ",", "low", ",", "mid", "-", "1", ")", ";", "return", "findMin", "(", "arr", ",", "mid", "+", "1", ",", "high", ")", ";", "}"], "comment_tokens": ["Decide", "whether", "we", "need", "to", "go", "to", "left", "half", "or", "right", "half"], "desc_tokens": ["Find", "the", "minimum", "element", "in", "a", "sorted", "and", "rotated", "array"]}
