{"idx": "1447-C-5", "code": "\n\n    if (mid < high && arr[mid+1] < arr[mid])\n       return arr[mid+1];\n", "comment": "/* Check if element (mid+1) is minimum element. Consider\n the cases like {3, 4, 5, 1, 2}*/", "problem_desc": "Find the minimum element in a sorted and rotated array", "snippet": "if (mid < high && arr[mid+1] < arr[mid])\nreturn arr[mid+1];", "tokens": ["if", "(", "mid", "<", "high", "&&", "arr", "[", "mid", "+", "1", "]", "<", "arr", "[", "mid", "]", ")", "return", "arr", "[", "mid", "+", "1", "]", ";"], "comment_tokens": ["Check", "if", "element", "(", "mid", "+", "1", ")", "is", "minimum", "element", ".", "Consider", "the", "cases", "like", "{", "3", ",", "4", ",", "5", ",", "1", ",", "2", "}"], "desc_tokens": ["Find", "the", "minimum", "element", "in", "a", "sorted", "and", "rotated", "array"]}
