{"idx": "1447-C-1", "code": "\n\n#include <stdio.h>\nint findMin(int arr[], int low, int high)\n{\n", "comment": "/*C program to find minimum element in a sorted and rotated array*/", "problem_desc": "Find the minimum element in a sorted and rotated array", "snippet": "#include <stdio.h>\nint findMin(int arr[], int low, int high)\n{", "tokens": ["#include", "<stdio.h>", "NEW_LINE", "int", "findMin", "(", "int", "arr", "[", "]", ",", "int", "low", ",", "int", "high", ")", "{"], "comment_tokens": ["C", "program", "to", "find", "minimum", "element", "in", "a", "sorted", "and", "rotated", "array"], "desc_tokens": ["Find", "the", "minimum", "element", "in", "a", "sorted", "and", "rotated", "array"]}
