{"idx": "1447-C-3", "code": "\n\n    if (high == low) return arr[low];\n", "comment": "/* If there is only one element left*/", "problem_desc": "Find the minimum element in a sorted and rotated array", "snippet": "if (high == low) return arr[low];", "tokens": ["if", "(", "high", "==", "low", ")", "return", "arr", "[", "low", "]", ";"], "comment_tokens": ["If", "there", "is", "only", "one", "element", "left"], "desc_tokens": ["Find", "the", "minimum", "element", "in", "a", "sorted", "and", "rotated", "array"]}
