{"idx": "1447-C-6", "code": "\n\n    if (mid > low && arr[mid] < arr[mid - 1])\n       return arr[mid];\n", "comment": "/* Check if mid itself is minimum element*/", "problem_desc": "Find the minimum element in a sorted and rotated array", "snippet": "if (mid > low && arr[mid] < arr[mid - 1])\nreturn arr[mid];", "tokens": ["if", "(", "mid", ">", "low", "&&", "arr", "[", "mid", "]", "<", "arr", "[", "mid", "-", "1", "]", ")", "return", "arr", "[", "mid", "]", ";"], "comment_tokens": ["Check", "if", "mid", "itself", "is", "minimum", "element"], "desc_tokens": ["Find", "the", "minimum", "element", "in", "a", "sorted", "and", "rotated", "array"]}
