{"idx": "1447-C-2", "code": "\n\n    if (high < low)  return arr[0];\n", "comment": "/* This condition is needed to handle the case when array is not\n rotated at all*/", "problem_desc": "Find the minimum element in a sorted and rotated array", "snippet": "if (high < low) return arr[0];", "tokens": ["if", "(", "high", "<", "low", ")", "return", "arr", "[", "0", "]", ";"], "comment_tokens": ["This", "condition", "is", "needed", "to", "handle", "the", "case", "when", "array", "is", "not", "rotated", "at", "all"], "desc_tokens": ["Find", "the", "minimum", "element", "in", "a", "sorted", "and", "rotated", "array"]}
