{"idx": "1447-C-8", "code": "\n\nint main()\n{\n    int arr1[] =  {5, 6, 1, 2, 3, 4};\n    int n1 = sizeof(arr1)/sizeof(arr1[0]);\n    printf(\"The minimum element is %d\\n\", findMin(arr1, 0, n1-1));\n    int arr2[] =  {1, 2, 3, 4};\n    int n2 = sizeof(arr2)/sizeof(arr2[0]);\n    printf(\"The minimum element is %d\\n\", findMin(arr2, 0, n2-1));\n    int arr3[] =  {1};\n    int n3 = sizeof(arr3)/sizeof(arr3[0]);\n    printf(\"The minimum element is %d\\n\", findMin(arr3, 0, n3-1));\n    int arr4[] =  {1, 2};\n    int n4 = sizeof(arr4)/sizeof(arr4[0]);\n    printf(\"The minimum element is %d\\n\", findMin(arr4, 0, n4-1));\n    int arr5[] =  {2, 1};\n    int n5 = sizeof(arr5)/sizeof(arr5[0]);\n    printf(\"The minimum element is %d\\n\", findMin(arr5, 0, n5-1));\n    int arr6[] =  {5, 6, 7, 1, 2, 3, 4};\n    int n6 = sizeof(arr6)/sizeof(arr6[0]);\n    printf(\"The minimum element is %d\\n\", findMin(arr6, 0, n6-1));\n    int arr7[] =  {1, 2, 3, 4, 5, 6, 7};\n    int n7 = sizeof(arr7)/sizeof(arr7[0]);\n    printf(\"The minimum element is %d\\n\", findMin(arr7, 0, n7-1));\n    int arr8[] =  {2, 3, 4, 5, 6, 7, 8, 1};\n    int n8 = sizeof(arr8)/sizeof(arr8[0]);\n    printf(\"The minimum element is %d\\n\", findMin(arr8, 0, n8-1));\n    int arr9[] =  {3, 4, 5, 1, 2};\n    int n9 = sizeof(arr9)/sizeof(arr9[0]);\n    printf(\"The minimum element is %d\\n\", findMin(arr9, 0, n9-1));\n    return 0;\n}", "comment": "/*Driver program to test above functions*/", "problem_desc": "Find the minimum element in a sorted and rotated array", "snippet": "int main()\n{\nint arr1[] = {5, 6, 1, 2, 3, 4};\nint n1 = sizeof(arr1)/sizeof(arr1[0]);\nprintf(\"The minimum element is %d\\n\", findMin(arr1, 0, n1-1));\nint arr2[] = {1, 2, 3, 4};\nint n2 = sizeof(arr2)/sizeof(arr2[0]);\nprintf(\"The minimum element is %d\\n\", findMin(arr2, 0, n2-1));\nint arr3[] = {1};\nint n3 = sizeof(arr3)/sizeof(arr3[0]);\nprintf(\"The minimum element is %d\\n\", findMin(arr3, 0, n3-1));\nint arr4[] = {1, 2};\nint n4 = sizeof(arr4)/sizeof(arr4[0]);\nprintf(\"The minimum element is %d\\n\", findMin(arr4, 0, n4-1));\nint arr5[] = {2, 1};\nint n5 = sizeof(arr5)/sizeof(arr5[0]);\nprintf(\"The minimum element is %d\\n\", findMin(arr5, 0, n5-1));\nint arr6[] = {5, 6, 7, 1, 2, 3, 4};\nint n6 = sizeof(arr6)/sizeof(arr6[0]);\nprintf(\"The minimum element is %d\\n\", findMin(arr6, 0, n6-1));\nint arr7[] = {1, 2, 3, 4, 5, 6, 7};\nint n7 = sizeof(arr7)/sizeof(arr7[0]);\nprintf(\"The minimum element is %d\\n\", findMin(arr7, 0, n7-1));\nint arr8[] = {2, 3, 4, 5, 6, 7, 8, 1};\nint n8 = sizeof(arr8)/sizeof(arr8[0]);\nprintf(\"The minimum element is %d\\n\", findMin(arr8, 0, n8-1));\nint arr9[] = {3, 4, 5, 1, 2};\nint n9 = sizeof(arr9)/sizeof(arr9[0]);\nprintf(\"The minimum element is %d\\n\", findMin(arr9, 0, n9-1));\nreturn 0;\n}", "tokens": ["int", "main", "(", ")", "{", "int", "arr1", "[", "]", "=", "{", "5", ",", "6", ",", "1", ",", "2", ",", "3", ",", "4", "}", ";", "int", "n1", "=", "sizeof", "(", "arr1", ")", "/", "sizeof", "(", "arr1", "[", "0", "]", ")", ";", "printf", "(", "\" The \u2581 minimum \u2581 element \u2581 is \u2581 % d STRNEWLINE \"", ",", "findMin", "(", "arr1", ",", "0", ",", "n1", "-", "1", ")", ")", ";", "int", "arr2", "[", "]", "=", "{", "1", ",", "2", ",", "3", ",", "4", "}", ";", "int", "n2", "=", "sizeof", "(", "arr2", ")", "/", "sizeof", "(", "arr2", "[", "0", "]", ")", ";", "printf", "(", "\" The \u2581 minimum \u2581 element \u2581 is \u2581 % d STRNEWLINE \"", ",", "findMin", "(", "arr2", ",", "0", ",", "n2", "-", "1", ")", ")", ";", "int", "arr3", "[", "]", "=", "{", "1", "}", ";", "int", "n3", "=", "sizeof", "(", "arr3", ")", "/", "sizeof", "(", "arr3", "[", "0", "]", ")", ";", "printf", "(", "\" The \u2581 minimum \u2581 element \u2581 is \u2581 % d STRNEWLINE \"", ",", "findMin", "(", "arr3", ",", "0", ",", "n3", "-", "1", ")", ")", ";", "int", "arr4", "[", "]", "=", "{", "1", ",", "2", "}", ";", "int", "n4", "=", "sizeof", "(", "arr4", ")", "/", "sizeof", "(", "arr4", "[", "0", "]", ")", ";", "printf", "(", "\" The \u2581 minimum \u2581 element \u2581 is \u2581 % d STRNEWLINE \"", ",", "findMin", "(", "arr4", ",", "0", ",", "n4", "-", "1", ")", ")", ";", "int", "arr5", "[", "]", "=", "{", "2", ",", "1", "}", ";", "int", "n5", "=", "sizeof", "(", "arr5", ")", "/", "sizeof", "(", "arr5", "[", "0", "]", ")", ";", "printf", "(", "\" The \u2581 minimum \u2581 element \u2581 is \u2581 % d STRNEWLINE \"", ",", "findMin", "(", "arr5", ",", "0", ",", "n5", "-", "1", ")", ")", ";", "int", "arr6", "[", "]", "=", "{", "5", ",", "6", ",", "7", ",", "1", ",", "2", ",", "3", ",", "4", "}", ";", "int", "n6", "=", "sizeof", "(", "arr6", ")", "/", "sizeof", "(", "arr6", "[", "0", "]", ")", ";", "printf", "(", "\" The \u2581 minimum \u2581 element \u2581 is \u2581 % d STRNEWLINE \"", ",", "findMin", "(", "arr6", ",", "0", ",", "n6", "-", "1", ")", ")", ";", "int", "arr7", "[", "]", "=", "{", "1", ",", "2", ",", "3", ",", "4", ",", "5", ",", "6", ",", "7", "}", ";", "int", "n7", "=", "sizeof", "(", "arr7", ")", "/", "sizeof", "(", "arr7", "[", "0", "]", ")", ";", "printf", "(", "\" The \u2581 minimum \u2581 element \u2581 is \u2581 % d STRNEWLINE \"", ",", "findMin", "(", "arr7", ",", "0", ",", "n7", "-", "1", ")", ")", ";", "int", "arr8", "[", "]", "=", "{", "2", ",", "3", ",", "4", ",", "5", ",", "6", ",", "7", ",", "8", ",", "1", "}", ";", "int", "n8", "=", "sizeof", "(", "arr8", ")", "/", "sizeof", "(", "arr8", "[", "0", "]", ")", ";", "printf", "(", "\" The \u2581 minimum \u2581 element \u2581 is \u2581 % d STRNEWLINE \"", ",", "findMin", "(", "arr8", ",", "0", ",", "n8", "-", "1", ")", ")", ";", "int", "arr9", "[", "]", "=", "{", "3", ",", "4", ",", "5", ",", "1", ",", "2", "}", ";", "int", "n9", "=", "sizeof", "(", "arr9", ")", "/", "sizeof", "(", "arr9", "[", "0", "]", ")", ";", "printf", "(", "\" The \u2581 minimum \u2581 element \u2581 is \u2581 % d STRNEWLINE \"", ",", "findMin", "(", "arr9", ",", "0", ",", "n9", "-", "1", ")", ")", ";", "return", "0", ";", "}"], "comment_tokens": ["Driver", "program", "to", "test", "above", "functions"], "desc_tokens": ["Find", "the", "minimum", "element", "in", "a", "sorted", "and", "rotated", "array"]}
