{"idx": "1531-C-5", "code": "\n\n        else if (arr[i] > second && arr[i] != first)\n            second = arr[i];\n    }\n    if (second == INT_MIN)\n        printf(\"There is no second largest element\\n\");\n    else\n        printf(\"The second largest element is %dn\", second);\n}\n", "comment": "/* If arr[i] is in between first and\n second then update second */", "problem_desc": "Find Second largest element in an array", "snippet": "else if (arr[i] > second && arr[i] != first)\nsecond = arr[i];\n}\nif (second == INT_MIN)\nprintf(\"There is no second largest element\\n\");\nelse\nprintf(\"The second largest element is %dn\", second);\n}", "tokens": ["else", "if", "(", "arr", "[", "i", "]", ">", "second", "&&", "arr", "[", "i", "]", "!=", "first", ")", "second", "=", "arr", "[", "i", "]", ";", "}", "if", "(", "second", "==", "INT_MIN", ")", "printf", "(", "\" There \u2581 is \u2581 no \u2581 second \u2581 largest \u2581 element STRNEWLINE \"", ")", ";", "else", "printf", "(", "\" The \u2581 second \u2581 largest \u2581 element \u2581 is \u2581 % dn \"", ",", "second", ")", ";", "}"], "comment_tokens": ["If", "arr", "[", "i", "]", "is", "in", "between", "first", "and", "second", "then", "update", "second"], "desc_tokens": ["Find", "Second", "largest", "element", "in", "an", "array"]}
