{"idx": "1531-C-6", "code": "\n\nint main()\n{\n    int arr[] = { 12, 35, 1, 10, 34, 1 };\n    int n = sizeof(arr) / sizeof(arr[0]);\n    print2largest(arr, n);\n    return 0;\n}", "comment": "/* Driver program to test above function */", "problem_desc": "Find Second largest element in an array", "snippet": "int main()\n{\nint arr[] = { 12, 35, 1, 10, 34, 1 };\nint n = sizeof(arr) / sizeof(arr[0]);\nprint2largest(arr, n);\nreturn 0;\n}", "tokens": ["int", "main", "(", ")", "{", "int", "arr", "[", "]", "=", "{", "12", ",", "35", ",", "1", ",", "10", ",", "34", ",", "1", "}", ";", "int", "n", "=", "sizeof", "(", "arr", ")", "/", "sizeof", "(", "arr", "[", "0", "]", ")", ";", "print2largest", "(", "arr", ",", "n", ")", ";", "return", "0", ";", "}"], "comment_tokens": ["Driver", "program", "to", "test", "above", "function"], "desc_tokens": ["Find", "Second", "largest", "element", "in", "an", "array"]}
