{"idx": "1531-C-3", "code": "\n\n    if (arr_size < 2) {\n        printf(\" Invalid Input \");\n        return;\n    }\n    first = second = INT_MIN;\n    for (i = 0; i < arr_size; i++) {\n        ", "comment": "/* There should be atleast two elements */", "problem_desc": "Find Second largest element in an array", "snippet": "if (arr_size < 2) {\nprintf(\" Invalid Input \");\nreturn;\n}\nfirst = second = INT_MIN;\nfor (i = 0; i < arr_size; i++) {", "tokens": ["if", "(", "arr_size", "<", "2", ")", "{", "printf", "(", "\" \u2581 Invalid \u2581 Input \u2581 \"", ")", ";", "return", ";", "}", "first", "=", "second", "=", "INT_MIN", ";", "for", "(", "i", "=", "0", ";", "i", "<", "arr_size", ";", "i", "++", ")", "{"], "comment_tokens": ["There", "should", "be", "atleast", "two", "elements"], "desc_tokens": ["Find", "Second", "largest", "element", "in", "an", "array"]}
