{"idx": "1531-C-2", "code": "\n\nvoid print2largest(int arr[], int arr_size)\n{\n    int i, first, second;\n    ", "comment": "/* Function to print the second largest elements */", "problem_desc": "Find Second largest element in an array", "snippet": "void print2largest(int arr[], int arr_size)\n{\nint i, first, second;", "tokens": ["void", "print2largest", "(", "int", "arr", "[", "]", ",", "int", "arr_size", ")", "{", "int", "i", ",", "first", ",", "second", ";"], "comment_tokens": ["Function", "to", "print", "the", "second", "largest", "elements"], "desc_tokens": ["Find", "Second", "largest", "element", "in", "an", "array"]}
