{"idx": "1534-C-6", "code": "\n\nint main()\n{\n    int arr[] = {12, 13, 1, 10, 34, 1};\n    int n = sizeof(arr)/sizeof(arr[0]);\n    print2Smallest(arr, n);\n    return 0;\n}", "comment": "/* Driver program to test above function */", "problem_desc": "Find the smallest and second smallest elements in an array", "snippet": "int main()\n{\nint arr[] = {12, 13, 1, 10, 34, 1};\nint n = sizeof(arr)/sizeof(arr[0]);\nprint2Smallest(arr, n);\nreturn 0;\n}", "tokens": ["int", "main", "(", ")", "{", "int", "arr", "[", "]", "=", "{", "12", ",", "13", ",", "1", ",", "10", ",", "34", ",", "1", "}", ";", "int", "n", "=", "sizeof", "(", "arr", ")", "/", "sizeof", "(", "arr", "[", "0", "]", ")", ";", "print2Smallest", "(", "arr", ",", "n", ")", ";", "return", "0", ";", "}"], "comment_tokens": ["Driver", "program", "to", "test", "above", "function"], "desc_tokens": ["Find", "the", "smallest", "and", "second", "smallest", "elements", "in", "an", "array"]}
