{"idx": "1534-C-4", "code": "\n\n        if (arr[i] < first)\n        {\n            second = first;\n            first = arr[i];\n        }\n        ", "comment": "/* If current element is smaller than first\n then update both first and second */", "problem_desc": "Find the smallest and second smallest elements in an array", "snippet": "if (arr[i] < first)\n{\nsecond = first;\nfirst = arr[i];\n}", "tokens": ["if", "(", "arr", "[", "i", "]", "<", "first", ")", "{", "second", "=", "first", ";", "first", "=", "arr", "[", "i", "]", ";", "}"], "comment_tokens": ["If", "current", "element", "is", "smaller", "than", "first", "then", "update", "both", "first", "and", "second"], "desc_tokens": ["Find", "the", "smallest", "and", "second", "smallest", "elements", "in", "an", "array"]}
