{"idx": "1534-C-5", "code": "\n\n        else if (arr[i] < second && arr[i] != first)\n            second = arr[i];\n    }\n    if (second == INT_MAX)\n        printf(\"There is no second smallest element\\n\");\n    else\n        printf(\"The smallest element is %d and second \"\n               \"Smallest element is %d\\n\", first, second);\n}\n", "comment": "/* If arr[i] is in between first and second\n then update second */", "problem_desc": "Find the smallest and second smallest elements in an array", "snippet": "else if (arr[i] < second && arr[i] != first)\nsecond = arr[i];\n}\nif (second == INT_MAX)\nprintf(\"There is no second smallest element\\n\");\nelse\nprintf(\"The smallest element is %d and second \" \"Smallest element is %d\\n\", first, second);\n}", "tokens": ["else", "if", "(", "arr", "[", "i", "]", "<", "second", "&&", "arr", "[", "i", "]", "!=", "first", ")", "second", "=", "arr", "[", "i", "]", ";", "}", "if", "(", "second", "==", "INT_MAX", ")", "printf", "(", "\" There \u2581 is \u2581 no \u2581 second \u2581 smallest \u2581 element STRNEWLINE \"", ")", ";", "else", "printf", "(", "\" The \u2581 smallest \u2581 element \u2581 is \u2581 % d \u2581 and \u2581 second \u2581 \"", "\" Smallest \u2581 element \u2581 is \u2581 % d STRNEWLINE \"", ",", "first", ",", "second", ")", ";", "}"], "comment_tokens": ["If", "arr", "[", "i", "]", "is", "in", "between", "first", "and", "second", "then", "update", "second"], "desc_tokens": ["Find", "the", "smallest", "and", "second", "smallest", "elements", "in", "an", "array"]}
