{"idx": "1535-C-4", "code": "\n\nint main()\n{\n    int arr[] = {0, 1, 2, 3, 4, 5, 6, 7, 10};\n    int n = sizeof(arr)/sizeof(arr[0]);\n    printf(\"Smallest missing element is %d\",\n           findFirstMissing(arr, 0, n-1));\n    return 0;\n}", "comment": "/*driver program to test above function*/", "problem_desc": "Find the smallest missing number", "snippet": "int main()\n{\nint arr[] = {0, 1, 2, 3, 4, 5, 6, 7, 10};\nint n = sizeof(arr)/sizeof(arr[0]);\nprintf(\"Smallest missing element is %d\",\nfindFirstMissing(arr, 0, n-1));\nreturn 0;\n}", "tokens": ["int", "main", "(", ")", "{", "int", "arr", "[", "]", "=", "{", "0", ",", "1", ",", "2", ",", "3", ",", "4", ",", "5", ",", "6", ",", "7", ",", "10", "}", ";", "int", "n", "=", "sizeof", "(", "arr", ")", "/", "sizeof", "(", "arr", "[", "0", "]", ")", ";", "printf", "(", "\" Smallest \u2581 missing \u2581 element \u2581 is \u2581 % d \"", ",", "findFirstMissing", "(", "arr", ",", "0", ",", "n", "-", "1", ")", ")", ";", "return", "0", ";", "}"], "comment_tokens": ["driver", "program", "to", "test", "above", "function"], "desc_tokens": ["Find", "the", "smallest", "missing", "number"]}
