{"idx": "1535-C-2", "code": "\n\nint findFirstMissing(int array[], int start, int end)\n{\n    if (start  > end)\n        return end + 1;\n    if (start != array[start])\n        return start;\n    int mid = (start + end) / 2;\n", "comment": "/*function that returns\nsmallest elements missing\nin a sorted array.*/", "problem_desc": "Find the smallest missing number", "snippet": "int findFirstMissing(int array[], int start, int end)\n{\nif (start > end)\nreturn end + 1;\nif (start != array[start])\nreturn start;\nint mid = (start + end) / 2;", "tokens": ["int", "findFirstMissing", "(", "int", "array", "[", "]", ",", "int", "start", ",", "int", "end", ")", "{", "if", "(", "start", ">", "end", ")", "return", "end", "+", "1", ";", "if", "(", "start", "!=", "array", "[", "start", "]", ")", "return", "start", ";", "int", "mid", "=", "(", "start", "+", "end", ")", "/", "2", ";"], "comment_tokens": ["function", "that", "returns", "smallest", "elements", "missing", "in", "a", "sorted", "array", "."], "desc_tokens": ["Find", "the", "smallest", "missing", "number"]}
