{"idx": "1537-C-2", "code": "\n\nint FindMaxSum(int arr[], int n)\n{\nint incl = arr[0];\nint excl = 0;\nint excl_new;\nint i;\nfor (i = 1; i < n; i++)\n{\n    ", "comment": "/*Function to return max sum such that no two elements\nare adjacent */", "problem_desc": "Maximum sum such that no two elements are adjacent", "snippet": "int FindMaxSum(int arr[], int n)\n{\nint incl = arr[0];\nint excl = 0;\nint excl_new;\nint i;\nfor (i = 1; i < n; i++)\n{", "tokens": ["int", "FindMaxSum", "(", "int", "arr", "[", "]", ",", "int", "n", ")", "{", "int", "incl", "=", "arr", "[", "0", "]", ";", "int", "excl", "=", "0", ";", "int", "excl_new", ";", "int", "i", ";", "for", "(", "i", "=", "1", ";", "i", "<", "n", ";", "i", "++", ")", "{"], "comment_tokens": ["Function", "to", "return", "max", "sum", "such", "that", "no", "two", "elements", "are", "adjacent"], "desc_tokens": ["Maximum", "sum", "such", "that", "no", "two", "elements", "are", "adjacent"]}
