{"idx": "1537-C-4", "code": "\n\n    incl = excl + arr[i];\n    excl = excl_new;\n}\n", "comment": "/* current max including i */", "problem_desc": "Maximum sum such that no two elements are adjacent", "snippet": "incl = excl + arr[i];\nexcl = excl_new;\n}", "tokens": ["incl", "=", "excl", "+", "arr", "[", "i", "]", ";", "excl", "=", "excl_new", ";", "}"], "comment_tokens": ["current", "max", "including", "i"], "desc_tokens": ["Maximum", "sum", "such", "that", "no", "two", "elements", "are", "adjacent"]}
