{"idx": "1584-C-6", "code": "\n\nint main()\n{\n    int arr[] = { 1, 3, 6, 3, 2, 3, 6, 8, 9, 5 };\n    int n = sizeof(arr) / sizeof(arr[0]);\n    printf(\n        \"Minimum number of jumps to reach end is %d \",\n        minJumps(arr, 0, n - 1));\n    return 0;\n}", "comment": "/*Driver program to test above function*/", "problem_desc": "Minimum number of jumps to reach end", "snippet": "int main()\n{\nint arr[] = { 1, 3, 6, 3, 2, 3, 6, 8, 9, 5 };\nint n = sizeof(arr) / sizeof(arr[0]);\nprintf(\n\"Minimum number of jumps to reach end is %d \",\nminJumps(arr, 0, n - 1));\nreturn 0;\n}", "tokens": ["int", "main", "(", ")", "{", "int", "arr", "[", "]", "=", "{", "1", ",", "3", ",", "6", ",", "3", ",", "2", ",", "3", ",", "6", ",", "8", ",", "9", ",", "5", "}", ";", "int", "n", "=", "sizeof", "(", "arr", ")", "/", "sizeof", "(", "arr", "[", "0", "]", ")", ";", "printf", "(", "\" Minimum \u2581 number \u2581 of \u2581 jumps \u2581 to \u2581 reach \u2581 end \u2581 is \u2581 % d \u2581 \"", ",", "minJumps", "(", "arr", ",", "0", ",", "n", "-", "1", ")", ")", ";", "return", "0", ";", "}"], "comment_tokens": ["Driver", "program", "to", "test", "above", "function"], "desc_tokens": ["Minimum", "number", "of", "jumps", "to", "reach", "end"]}
