{"idx": "1584-C-5", "code": "\n\n    int min = INT_MAX;\n    for (int i = l + 1; i <= h && i <= l + arr[l]; i++) {\n        int jumps = minJumps(arr, i, h);\n        if (jumps != INT_MAX && jumps + 1 < min)\n            min = jumps + 1;\n    }\n    return min;\n}\n", "comment": "/* Traverse through all the points\n reachable from arr[l]. Recursively\n get the minimum number of jumps\n needed to reach arr[h] from these\n reachable points.*/", "problem_desc": "Minimum number of jumps to reach end", "snippet": "int min = INT_MAX;\nfor (int i = l + 1; i <= h && i <= l + arr[l]; i++) {\nint jumps = minJumps(arr, i, h);\nif (jumps != INT_MAX && jumps + 1 < min)\nmin = jumps + 1;\n}\nreturn min;\n}", "tokens": ["int", "min", "=", "INT_MAX", ";", "for", "(", "int", "i", "=", "l", "+", "1", ";", "i", "<=", "h", "&&", "i", "<=", "l", "+", "arr", "[", "l", "]", ";", "i", "++", ")", "{", "int", "jumps", "=", "minJumps", "(", "arr", ",", "i", ",", "h", ")", ";", "if", "(", "jumps", "!=", "INT_MAX", "&&", "jumps", "+", "1", "<", "min", ")", "min", "=", "jumps", "+", "1", ";", "}", "return", "min", ";", "}"], "comment_tokens": ["Traverse", "through", "all", "the", "points", "reachable", "from", "arr", "[", "l", "]", ".", "Recursively", "get", "the", "minimum", "number", "of", "jumps", "needed", "to", "reach", "arr", "[", "h", "]", "from", "these", "reachable", "points", "."], "desc_tokens": ["Minimum", "number", "of", "jumps", "to", "reach", "end"]}
