{"idx": "1584-C-2", "code": "\n\nint minJumps(int arr[], int l, int h)\n{\n", "comment": "/*Returns minimum number of\njumps to reach arr[h] from arr[l]*/", "problem_desc": "Minimum number of jumps to reach end", "snippet": "int minJumps(int arr[], int l, int h)\n{", "tokens": ["int", "minJumps", "(", "int", "arr", "[", "]", ",", "int", "l", ",", "int", "h", ")", "{"], "comment_tokens": ["Returns", "minimum", "number", "of", "jumps", "to", "reach", "arr", "[", "h", "]", "from", "arr", "[", "l", "]"], "desc_tokens": ["Minimum", "number", "of", "jumps", "to", "reach", "end"]}
