{"idx": "1587-C-6", "code": "\n\nint main()\n{\n    int arr[] = {1, 101, 2, 3, 100, 4, 5};\n    int n = sizeof(arr)/sizeof(arr[0]);\n    printf(\"Sum of maximum sum increasing \"\n            \"subsequence is %d\\n\",\n              maxSumIS( arr, n ) );\n    return 0;\n}", "comment": "/*Driver Code*/", "problem_desc": "Maximum Sum Increasing Subsequence | DP", "snippet": "int main()\n{\nint arr[] = {1, 101, 2, 3, 100, 4, 5};\nint n = sizeof(arr)/sizeof(arr[0]);\nprintf(\"Sum of maximum sum increasing \"\n\"subsequence is %d\\n\",\nmaxSumIS( arr, n ) );\nreturn 0;\n}", "tokens": ["int", "main", "(", ")", "{", "int", "arr", "[", "]", "=", "{", "1", ",", "101", ",", "2", ",", "3", ",", "100", ",", "4", ",", "5", "}", ";", "int", "n", "=", "sizeof", "(", "arr", ")", "/", "sizeof", "(", "arr", "[", "0", "]", ")", ";", "printf", "(", "\" Sum \u2581 of \u2581 maximum \u2581 sum \u2581 increasing \u2581 \"", "\" subsequence \u2581 is \u2581 % d STRNEWLINE \"", ",", "maxSumIS", "(", "arr", ",", "n", ")", ")", ";", "return", "0", ";", "}"], "comment_tokens": ["Driver", "Code"], "desc_tokens": ["Maximum", "Sum", "Increasing", "Subsequence", "|", "DP"]}
