{"idx": "1587-C-3", "code": "\n\n    for ( i = 0; i < n; i++ )\n        msis[i] = arr[i];\n    ", "comment": "/* Initialize msis values\n for all indexes */", "problem_desc": "Maximum Sum Increasing Subsequence | DP", "snippet": "for ( i = 0; i < n; i++ )\nmsis[i] = arr[i];", "tokens": ["for", "(", "i", "=", "0", ";", "i", "<", "n", ";", "i", "++", ")", "msis", "[", "i", "]", "=", "arr", "[", "i", "]", ";"], "comment_tokens": ["Initialize", "msis", "values", "for", "all", "indexes"], "desc_tokens": ["Maximum", "Sum", "Increasing", "Subsequence", "|", "DP"]}
