{"idx": "1587-C-2", "code": "\n\nint maxSumIS(int arr[], int n)\n{\n    int i, j, max = 0;\n    int msis[n];\n    ", "comment": "/* maxSumIS() returns the maximum\n sum of increasing subsequence\n in arr[] of size n */", "problem_desc": "Maximum Sum Increasing Subsequence | DP", "snippet": "int maxSumIS(int arr[], int n)\n{\nint i, j, max = 0;\nint msis[n];", "tokens": ["int", "maxSumIS", "(", "int", "arr", "[", "]", ",", "int", "n", ")", "{", "int", "i", ",", "j", ",", "max", "=", "0", ";", "int", "msis", "[", "n", "]", ";"], "comment_tokens": ["maxSumIS", "(", ")", "returns", "the", "maximum", "sum", "of", "increasing", "subsequence", "in", "arr", "[", "]", "of", "size", "n"], "desc_tokens": ["Maximum", "Sum", "Increasing", "Subsequence", "|", "DP"]}
