{"idx": "1587-C-5", "code": "\n\n    for ( i = 0; i < n; i++ )\n        if ( max < msis[i] )\n            max = msis[i];\n    return max;\n}\n", "comment": "/* Pick maximum of\n all msis values */", "problem_desc": "Maximum Sum Increasing Subsequence | DP", "snippet": "for ( i = 0; i < n; i++ )\nif ( max < msis[i] )\nmax = msis[i];\nreturn max;\n}", "tokens": ["for", "(", "i", "=", "0", ";", "i", "<", "n", ";", "i", "++", ")", "if", "(", "max", "<", "msis", "[", "i", "]", ")", "max", "=", "msis", "[", "i", "]", ";", "return", "max", ";", "}"], "comment_tokens": ["Pick", "maximum", "of", "all", "msis", "values"], "desc_tokens": ["Maximum", "Sum", "Increasing", "Subsequence", "|", "DP"]}
