{"idx": "1587-C-4", "code": "\n\n    for ( i = 1; i < n; i++ )\n        for ( j = 0; j < i; j++ )\n            if (arr[i] > arr[j] &&\n                msis[i] < msis[j] + arr[i])\n                msis[i] = msis[j] + arr[i];\n    ", "comment": "/* Compute maximum sum values\n in bottom up manner */", "problem_desc": "Maximum Sum Increasing Subsequence | DP", "snippet": "for ( i = 1; i < n; i++ )\nfor ( j = 0; j < i; j++ )\nif (arr[i] > arr[j] && msis[i] < msis[j] + arr[i])\nmsis[i] = msis[j] + arr[i];", "tokens": ["for", "(", "i", "=", "1", ";", "i", "<", "n", ";", "i", "++", ")", "for", "(", "j", "=", "0", ";", "j", "<", "i", ";", "j", "++", ")", "if", "(", "arr", "[", "i", "]", ">", "arr", "[", "j", "]", "&&", "msis", "[", "i", "]", "<", "msis", "[", "j", "]", "+", "arr", "[", "i", "]", ")", "msis", "[", "i", "]", "=", "msis", "[", "j", "]", "+", "arr", "[", "i", "]", ";"], "comment_tokens": ["Compute", "maximum", "sum", "values", "in", "bottom", "up", "manner"], "desc_tokens": ["Maximum", "Sum", "Increasing", "Subsequence", "|", "DP"]}
