{"idx": "1610-C-9", "code": "\n\nelse \n        {\n            mPlusN[k] = N[j];\n            k++;\n            j++;\n        }\n    }\n}\n", "comment": "/*Otherwise take element from N[]*/", "problem_desc": "Merge an array of size n into another array of size m+n", "snippet": "else \n{\nmPlusN[k] = N[j];\nk++;\nj++;\n}\n}\n}", "tokens": ["else", "{", "mPlusN", "[", "k", "]", "=", "N", "[", "j", "]", ";", "k", "++", ";", "j", "++", ";", "}", "}", "}"], "comment_tokens": ["Otherwise", "take", "element", "from", "N", "[", "]"], "desc_tokens": ["Merge", "an", "array", "of", "size", "n", "into", "another", "array", "of", "size", "m", "+", "n"]}
