{"idx": "1610-C-12", "code": "\n\n    int mPlusN[] = { 2, 8, NA, NA, NA, 13, NA, 15, 20 };\n    int N[] = { 5, 7, 9, 25 };\n    int n = sizeof(N) / sizeof(N[0]);\n    int m = sizeof(mPlusN) / sizeof(mPlusN[0]) - n;\n    ", "comment": "/* Initialize arrays */", "problem_desc": "Merge an array of size n into another array of size m+n", "snippet": "int mPlusN[] = { 2, 8, NA, NA, NA, 13, NA, 15, 20 };\nint N[] = { 5, 7, 9, 25 };\nint n = sizeof(N) / sizeof(N[0]);\nint m = sizeof(mPlusN) / sizeof(mPlusN[0]) - n;", "tokens": ["int", "mPlusN", "[", "]", "=", "{", "2", ",", "8", ",", "NA", ",", "NA", ",", "NA", ",", "13", ",", "NA", ",", "15", ",", "20", "}", ";", "int", "N", "[", "]", "=", "{", "5", ",", "7", ",", "9", ",", "25", "}", ";", "int", "n", "=", "sizeof", "(", "N", ")", "/", "sizeof", "(", "N", "[", "0", "]", ")", ";", "int", "m", "=", "sizeof", "(", "mPlusN", ")", "/", "sizeof", "(", "mPlusN", "[", "0", "]", ")", "-", "n", ";"], "comment_tokens": ["Initialize", "arrays"], "desc_tokens": ["Merge", "an", "array", "of", "size", "n", "into", "another", "array", "of", "size", "m", "+", "n"]}
