{"idx": "1610-C-8", "code": "\n\n        if ((j == n)|| (i < (m + n)\n             && mPlusN[i] <= N[j]))\n        {\n            mPlusN[k] = mPlusN[i];\n            k++;\n            i++;\n        }\n", "comment": "/* Take an element from mPlusN[] if a) value of the picked element is smaller and we have not reached end of it b) We have reached end of N[] */", "problem_desc": "Merge an array of size n into another array of size m+n", "snippet": "if ((j == n)|| (i < (m + n) && mPlusN[i] <= N[j]))\n{\nmPlusN[k] = mPlusN[i];\nk++;\ni++;\n}", "tokens": ["if", "(", "(", "j", "==", "n", ")", "||", "(", "i", "<", "(", "m", "+", "n", ")", "&&", "mPlusN", "[", "i", "]", "<=", "N", "[", "j", "]", ")", ")", "{", "mPlusN", "[", "k", "]", "=", "mPlusN", "[", "i", "]", ";", "k", "++", ";", "i", "++", ";", "}"], "comment_tokens": ["Take", "an", "element", "from", "mPlusN", "[", "]", "if", "a", ")", "value", "of", "the", "picked", "element", "is", "smaller", "and", "we", "have", "not", "reached", "end", "of", "it", "b", ")", "We", "have", "reached", "end", "of", "N", "[", "]"], "desc_tokens": ["Merge", "an", "array", "of", "size", "n", "into", "another", "array", "of", "size", "m", "+", "n"]}
