{"idx": "1610-C-7", "code": "\n\n    while (k < (m + n))\n    {\n        ", "comment": "/* Current index of output mPlusN[]*/", "problem_desc": "Merge an array of size n into another array of size m+n", "snippet": "while (k < (m + n))\n{", "tokens": ["while", "(", "k", "<", "(", "m", "+", "n", ")", ")", "{"], "comment_tokens": ["Current", "index", "of", "output", "mPlusN", "[", "]"], "desc_tokens": ["Merge", "an", "array", "of", "size", "n", "into", "another", "array", "of", "size", "m", "+", "n"]}
