{"idx": "1610-C-13", "code": "\n\n    moveToEnd(mPlusN, m + n);\n    ", "comment": "/*Move the m elements at the end of mPlusN*/", "problem_desc": "Merge an array of size n into another array of size m+n", "snippet": "moveToEnd(mPlusN, m + n);", "tokens": ["moveToEnd", "(", "mPlusN", ",", "m", "+", "n", ")", ";"], "comment_tokens": ["Move", "the", "m", "elements", "at", "the", "end", "of", "mPlusN"], "desc_tokens": ["Merge", "an", "array", "of", "size", "n", "into", "another", "array", "of", "size", "m", "+", "n"]}
