{"idx": "1610-C-10", "code": "\n\nvoid printArray(int arr[], int size)\n{\n    int i;\n    for (i = 0; i < size; i++)\n        printf(\"%d \", arr[i]);\n    printf(\"\\n\");\n}\n", "comment": "/* Utility that prints out an array on a line */", "problem_desc": "Merge an array of size n into another array of size m+n", "snippet": "void printArray(int arr[], int size)\n{\nint i;\nfor (i = 0; i < size; i++)\nprintf(\"%d \", arr[i]);\nprintf(\"\\n\");\n}", "tokens": ["void", "printArray", "(", "int", "arr", "[", "]", ",", "int", "size", ")", "{", "int", "i", ";", "for", "(", "i", "=", "0", ";", "i", "<", "size", ";", "i", "++", ")", "printf", "(", "\" % d \u2581 \"", ",", "arr", "[", "i", "]", ")", ";", "printf", "(", "\" STRNEWLINE \"", ")", ";", "}"], "comment_tokens": ["Utility", "that", "prints", "out", "an", "array", "on", "a", "line"], "desc_tokens": ["Merge", "an", "array", "of", "size", "n", "into", "another", "array", "of", "size", "m", "+", "n"]}
