{"idx": "1610-C-3", "code": "\n\nvoid moveToEnd(int mPlusN[], int size)\n{\n    int i = 0, j = size - 1;\n    for (i = size - 1; i >= 0; i--)\n        if (mPlusN[i] != NA) {\n            mPlusN[j] = mPlusN[i];\n            j--;\n        }\n}\n", "comment": "/* Function to move m elements\n at the end of array mPlusN[]\n */", "problem_desc": "Merge an array of size n into another array of size m+n", "snippet": "void moveToEnd(int mPlusN[], int size)\n{\nint i = 0, j = size - 1;\nfor (i = size - 1; i >= 0; i--)\nif (mPlusN[i] != NA) {\nmPlusN[j] = mPlusN[i];\nj--;\n}\n}", "tokens": ["void", "moveToEnd", "(", "int", "mPlusN", "[", "]", ",", "int", "size", ")", "{", "int", "i", "=", "0", ",", "j", "=", "size", "-", "1", ";", "for", "(", "i", "=", "size", "-", "1", ";", "i", ">=", "0", ";", "i", "--", ")", "if", "(", "mPlusN", "[", "i", "]", "!=", "NA", ")", "{", "mPlusN", "[", "j", "]", "=", "mPlusN", "[", "i", "]", ";", "j", "--", ";", "}", "}"], "comment_tokens": ["Function", "to", "move", "m", "elements", "at", "the", "end", "of", "array", "mPlusN", "[", "]"], "desc_tokens": ["Merge", "an", "array", "of", "size", "n", "into", "another", "array", "of", "size", "m", "+", "n"]}
