{"idx": "1610-C-15", "code": "\n\n    printArray(mPlusN, m + n);\n    return 0;\n}", "comment": "/* Print the resultant mPlusN */", "problem_desc": "Merge an array of size n into another array of size m+n", "snippet": "printArray(mPlusN, m + n);\nreturn 0;\n}", "tokens": ["printArray", "(", "mPlusN", ",", "m", "+", "n", ")", ";", "return", "0", ";", "}"], "comment_tokens": ["Print", "the", "resultant", "mPlusN"], "desc_tokens": ["Merge", "an", "array", "of", "size", "n", "into", "another", "array", "of", "size", "m", "+", "n"]}
