{"idx": "1614-C-1", "code": "\n\n#include <stdio.h>\n#include <stdlib.h>\nint getInvCount(int arr[], int n)\n{\n    int inv_count = 0;\n    for (int i = 0; i < n - 1; i++)\n        for (int j = i + 1; j < n; j++)\n            if (arr[i] > arr[j])\n                inv_count++;\n    return inv_count;\n}\n", "comment": "/*C program to Count\nInversions in an array*/", "problem_desc": "Count Inversions in an array | Set 1 (Using Merge Sort)", "snippet": "#include <stdio.h>\n#include <stdlib.h>\nint getInvCount(int arr[], int n)\n{\nint inv_count = 0;\nfor (int i = 0; i < n - 1; i++)\nfor (int j = i + 1; j < n; j++)\nif (arr[i] > arr[j])\ninv_count++;\nreturn inv_count;\n}", "tokens": ["#include", "<stdio.h>", "NEW_LINE", "#include", "<stdlib.h>", "NEW_LINE", "int", "getInvCount", "(", "int", "arr", "[", "]", ",", "int", "n", ")", "{", "int", "inv_count", "=", "0", ";", "for", "(", "int", "i", "=", "0", ";", "i", "<", "n", "-", "1", ";", "i", "++", ")", "for", "(", "int", "j", "=", "i", "+", "1", ";", "j", "<", "n", ";", "j", "++", ")", "if", "(", "arr", "[", "i", "]", ">", "arr", "[", "j", "]", ")", "inv_count", "++", ";", "return", "inv_count", ";", "}"], "comment_tokens": ["C", "program", "to", "Count", "Inversions", "in", "an", "array"], "desc_tokens": ["Count", "Inversions", "in", "an", "array", "|", "Set", "1", "(", "Using", "Merge", "Sort", ")"]}
