{"idx": "1614-C-2", "code": "\n\nint main()\n{\n    int arr[] = { 1, 20, 6, 4, 5 };\n    int n = sizeof(arr) / sizeof(arr[0]);\n    printf(\" Number of inversions are %d \\n\",\n           getInvCount(arr, n));\n    return 0;\n}", "comment": "/* Driver program to test above functions */", "problem_desc": "Count Inversions in an array | Set 1 (Using Merge Sort)", "snippet": "int main()\n{\nint arr[] = { 1, 20, 6, 4, 5 };\nint n = sizeof(arr) / sizeof(arr[0]);\nprintf(\" Number of inversions are %d \\n\",\ngetInvCount(arr, n));\nreturn 0;\n}", "tokens": ["int", "main", "(", ")", "{", "int", "arr", "[", "]", "=", "{", "1", ",", "20", ",", "6", ",", "4", ",", "5", "}", ";", "int", "n", "=", "sizeof", "(", "arr", ")", "/", "sizeof", "(", "arr", "[", "0", "]", ")", ";", "printf", "(", "\" \u2581 Number \u2581 of \u2581 inversions \u2581 are \u2581 % d \u2581 STRNEWLINE \"", ",", "getInvCount", "(", "arr", ",", "n", ")", ")", ";", "return", "0", ";", "}"], "comment_tokens": ["Driver", "program", "to", "test", "above", "functions"], "desc_tokens": ["Count", "Inversions", "in", "an", "array", "|", "Set", "1", "(", "Using", "Merge", "Sort", ")"]}
