{"idx": "1616-C-3", "code": "\n\n  min_l = 0;\n  min_r = 1;\n  min_sum = arr[0] + arr[1];\n  for(l = 0; l < arr_size - 1; l++)\n  {\n    for(r = l+1; r < arr_size; r++)\n    {\n      sum = arr[l] + arr[r];\n      if(abs(min_sum) > abs(sum))\n      {\n        min_sum = sum;\n        min_l = l;\n        min_r = r;\n      }\n    }\n  }\n  printf(\" The two elements whose sum is minimum are %d and %d\",\n          arr[min_l], arr[min_r]);\n}\n", "comment": "/* Initialization of values */", "problem_desc": "Two elements whose sum is closest to zero", "snippet": " min_l = 0;\n min_r = 1;\n min_sum = arr[0] + arr[1];\n for(l = 0; l < arr_size - 1; l++)\n {\nfor(r = l+1; r < arr_size; r++)\n{\nsum = arr[l] + arr[r];\nif(abs(min_sum) > abs(sum))\n{\nmin_sum = sum;\nmin_l = l;\nmin_r = r;\n}\n}\n }\n printf(\" The two elements whose sum is minimum are %d and %d\", arr[min_l], arr[min_r]);\n}", "tokens": ["min_l", "=", "0", ";", "min_r", "=", "1", ";", "min_sum", "=", "arr", "[", "0", "]", "+", "arr", "[", "1", "]", ";", "for", "(", "l", "=", "0", ";", "l", "<", "arr_size", "-", "1", ";", "l", "++", ")", "{", "for", "(", "r", "=", "l", "+", "1", ";", "r", "<", "arr_size", ";", "r", "++", ")", "{", "sum", "=", "arr", "[", "l", "]", "+", "arr", "[", "r", "]", ";", "if", "(", "abs", "(", "min_sum", ")", ">", "abs", "(", "sum", ")", ")", "{", "min_sum", "=", "sum", ";", "min_l", "=", "l", ";", "min_r", "=", "r", ";", "}", "}", "}", "printf", "(", "\" \u2581 The \u2581 two \u2581 elements \u2581 whose \u2581 sum \u2581 is \u2581 minimum \u2581 are \u2581 % d \u2581 and \u2581 % d \"", ",", "arr", "[", "min_l", "]", ",", "arr", "[", "min_r", "]", ")", ";", "}"], "comment_tokens": ["Initialization", "of", "values"], "desc_tokens": ["Two", "elements", "whose", "sum", "is", "closest", "to", "zero"]}
