{"idx": "1616-C-4", "code": "\n\nint main()\n{\n  int arr[] = {1, 60, -10, 70, -80, 85};\n  minAbsSumPair(arr, 6);\n  getchar();\n  return 0;\n}", "comment": "/* Driver program to test above function */", "problem_desc": "Two elements whose sum is closest to zero", "snippet": "int main()\n{\n int arr[] = {1, 60, -10, 70, -80, 85};\n minAbsSumPair(arr, 6);\n getchar();\n return 0;\n}", "tokens": ["int", "main", "(", ")", "{", "int", "arr", "[", "]", "=", "{", "1", ",", "60", ",", "-10", ",", "70", ",", "-80", ",", "85", "}", ";", "minAbsSumPair", "(", "arr", ",", "6", ")", ";", "getchar", "(", ")", ";", "return", "0", ";", "}"], "comment_tokens": ["Driver", "program", "to", "test", "above", "function"], "desc_tokens": ["Two", "elements", "whose", "sum", "is", "closest", "to", "zero"]}
