{"idx": "1634-C-4", "code": "\n\nvoid printArray(int arr[], int arr_size)\n{\n    int i;\n    for (i = 0; i < arr_size; i++)\n        printf(\"%d \", arr[i]);\n    printf(\"n\");\n}\n", "comment": "/* Utility function to print array arr[] */", "problem_desc": "Sort an array of 0s, 1s and 2s", "snippet": "void printArray(int arr[], int arr_size)\n{\nint i;\nfor (i = 0; i < arr_size; i++)\nprintf(\"%d \", arr[i]);\nprintf(\"n\");\n}", "tokens": ["void", "printArray", "(", "int", "arr", "[", "]", ",", "int", "arr_size", ")", "{", "int", "i", ";", "for", "(", "i", "=", "0", ";", "i", "<", "arr_size", ";", "i", "++", ")", "printf", "(", "\" % d \u2581 \"", ",", "arr", "[", "i", "]", ")", ";", "printf", "(", "\" n \"", ")", ";", "}"], "comment_tokens": ["Utility", "function", "to", "print", "array", "arr", "[", "]"], "desc_tokens": ["Sort", "an", "array", "of", "0", "s", ",", "1", "s", "and", "2", "s"]}
