{"idx": "1634-C-5", "code": "\n\nint main()\n{\n    int arr[] = { 0, 1, 1, 0, 1, 2, 1, 2, 0, 0, 0, 1 };\n    int arr_size = sizeof(arr) / sizeof(arr[0]);\n    int i;\n    sort012(arr, arr_size);\n    printf(\"array after segregation \");\n    printArray(arr, arr_size);\n    getchar();\n    return 0;\n}", "comment": "/* driver program to test */", "problem_desc": "Sort an array of 0s, 1s and 2s", "snippet": "int main()\n{\nint arr[] = { 0, 1, 1, 0, 1, 2, 1, 2, 0, 0, 0, 1 };\nint arr_size = sizeof(arr) / sizeof(arr[0]);\nint i;\nsort012(arr, arr_size);\nprintf(\"array after segregation \");\nprintArray(arr, arr_size);\ngetchar();\nreturn 0;\n}", "tokens": ["int", "main", "(", ")", "{", "int", "arr", "[", "]", "=", "{", "0", ",", "1", ",", "1", ",", "0", ",", "1", ",", "2", ",", "1", ",", "2", ",", "0", ",", "0", ",", "0", ",", "1", "}", ";", "int", "arr_size", "=", "sizeof", "(", "arr", ")", "/", "sizeof", "(", "arr", "[", "0", "]", ")", ";", "int", "i", ";", "sort012", "(", "arr", ",", "arr_size", ")", ";", "printf", "(", "\" array \u2581 after \u2581 segregation \u2581 \"", ")", ";", "printArray", "(", "arr", ",", "arr_size", ")", ";", "getchar", "(", ")", ";", "return", "0", ";", "}"], "comment_tokens": ["driver", "program", "to", "test"], "desc_tokens": ["Sort", "an", "array", "of", "0", "s", ",", "1", "s", "and", "2", "s"]}
