{"idx": "1634-C-3", "code": "\n\nvoid sort012(int a[], int arr_size)\n{\n    int lo = 0;\n    int hi = arr_size - 1;\n    int mid = 0;\n    while (mid <= hi) {\n        switch (a[mid]) {\n        case 0:\n            swap(&a[lo++], &a[mid++]);\n            break;\n        case 1:\n            mid++;\n            break;\n        case 2:\n            swap(&a[mid], &a[hi--]);\n            break;\n        }\n    }\n}\n", "comment": "/*Sort the input array, the array is assumed to\nhave values in {0, 1, 2}*/", "problem_desc": "Sort an array of 0s, 1s and 2s", "snippet": "void sort012(int a[], int arr_size)\n{\nint lo = 0;\nint hi = arr_size - 1;\nint mid = 0;\nwhile (mid <= hi) {\nswitch (a[mid]) {\ncase 0:\nswap(&a[lo++], &a[mid++]);\nbreak;\ncase 1:\nmid++;\nbreak;\ncase 2:\nswap(&a[mid], &a[hi--]);\nbreak;\n}\n}\n}", "tokens": ["void", "sort012", "(", "int", "a", "[", "]", ",", "int", "arr_size", ")", "{", "int", "lo", "=", "0", ";", "int", "hi", "=", "arr_size", "-", "1", ";", "int", "mid", "=", "0", ";", "while", "(", "mid", "<=", "hi", ")", "{", "switch", "(", "a", "[", "mid", "]", ")", "{", "case", "0", ":", "swap", "(", "&", "a", "[", "lo", "++", "]", ",", "&", "a", "[", "mid", "++", "]", ")", ";", "break", ";", "case", "1", ":", "mid", "++", ";", "break", ";", "case", "2", ":", "swap", "(", "&", "a", "[", "mid", "]", ",", "&", "a", "[", "hi", "--", "]", ")", ";", "break", ";", "}", "}", "}"], "comment_tokens": ["Sort", "the", "input", "array", ",", "the", "array", "is", "assumed", "to", "have", "values", "in", "{", "0", ",", "1", ",", "2", "}"], "desc_tokens": ["Sort", "an", "array", "of", "0", "s", ",", "1", "s", "and", "2", "s"]}
