{"idx": "1636-C-5", "code": "\n\n  for( i = 0; i < s; i++)\n  {\n    if(arr[i] > min)\n    { \n      s = i;\n      break;\n    }     \n  }\n", "comment": "/* step 2(b) of above algo*/", "problem_desc": "Find the Minimum length Unsorted Subarray, sorting which makes the complete array sorted", "snippet": " for( i = 0; i < s; i++)\n {\nif(arr[i] > min)\n{ \ns = i;\nbreak;\n}\n }", "tokens": ["for", "(", "i", "=", "0", ";", "i", "<", "s", ";", "i", "++", ")", "{", "if", "(", "arr", "[", "i", "]", ">", "min", ")", "{", "s", "=", "i", ";", "break", ";", "}", "}"], "comment_tokens": ["step", "2", "(", "b", ")", "of", "above", "algo"], "desc_tokens": ["Find", "the", "Minimum", "length", "Unsorted", "Subarray", ",", "sorting", "which", "makes", "the", "complete", "array", "sorted"]}
