{"idx": "1636-C-2", "code": "\n\n  for (s = 0; s < n-1; s++)\n  {\n    if (arr[s] > arr[s+1])\n      break;\n  }\n  if (s == n-1)\n  {\n    printf(\"The complete array is sorted\");\n    return;\n  }\n", "comment": "/* step 1(a) of above algo*/", "problem_desc": "Find the Minimum length Unsorted Subarray, sorting which makes the complete array sorted", "snippet": " for (s = 0; s < n-1; s++)\n {\nif (arr[s] > arr[s+1])\nbreak;\n }\n if (s == n-1)\n {\nprintf(\"The complete array is sorted\");\nreturn;\n }", "tokens": ["for", "(", "s", "=", "0", ";", "s", "<", "n", "-", "1", ";", "s", "++", ")", "{", "if", "(", "arr", "[", "s", "]", ">", "arr", "[", "s", "+", "1", "]", ")", "break", ";", "}", "if", "(", "s", "==", "n", "-", "1", ")", "{", "printf", "(", "\" The \u2581 complete \u2581 array \u2581 is \u2581 sorted \"", ")", ";", "return", ";", "}"], "comment_tokens": ["step", "1", "(", "a", ")", "of", "above", "algo"], "desc_tokens": ["Find", "the", "Minimum", "length", "Unsorted", "Subarray", ",", "sorting", "which", "makes", "the", "complete", "array", "sorted"]}
