{"idx": "1636-C-4", "code": "\n\n  max = arr[s]; min = arr[s];\n  for(i = s + 1; i <= e; i++)\n  {\n    if(arr[i] > max)\n      max = arr[i];\n    if(arr[i] < min)\n      min = arr[i];\n  }\n", "comment": "/* step 2(a) of above algo*/", "problem_desc": "Find the Minimum length Unsorted Subarray, sorting which makes the complete array sorted", "snippet": " max = arr[s]; min = arr[s];\n for(i = s + 1; i <= e; i++)\n {\nif(arr[i] > max)\nmax = arr[i];\nif(arr[i] < min)\nmin = arr[i];\n }", "tokens": ["max", "=", "arr", "[", "s", "]", ";", "min", "=", "arr", "[", "s", "]", ";", "for", "(", "i", "=", "s", "+", "1", ";", "i", "<=", "e", ";", "i", "++", ")", "{", "if", "(", "arr", "[", "i", "]", ">", "max", ")", "max", "=", "arr", "[", "i", "]", ";", "if", "(", "arr", "[", "i", "]", "<", "min", ")", "min", "=", "arr", "[", "i", "]", ";", "}"], "comment_tokens": ["step", "2", "(", "a", ")", "of", "above", "algo"], "desc_tokens": ["Find", "the", "Minimum", "length", "Unsorted", "Subarray", ",", "sorting", "which", "makes", "the", "complete", "array", "sorted"]}
