{"idx": "1636-C-1", "code": "\n\n#include<stdio.h>\nvoid printUnsorted(int arr[], int n)\n{\n  int s = 0, e = n-1, i, max, min;  \n", "comment": "/*C program to find the Minimum length Unsorted Subarray,\nsorting which makes the complete array sorted*/", "problem_desc": "Find the Minimum length Unsorted Subarray, sorting which makes the complete array sorted", "snippet": "#include<stdio.h>\nvoid printUnsorted(int arr[], int n)\n{\n int s = 0, e = n-1, i, max, min; ", "tokens": ["#include", "<stdio.h>", "NEW_LINE", "void", "printUnsorted", "(", "int", "arr", "[", "]", ",", "int", "n", ")", "{", "int", "s", "=", "0", ",", "e", "=", "n", "-", "1", ",", "i", ",", "max", ",", "min", ";"], "comment_tokens": ["C", "program", "to", "find", "the", "Minimum", "length", "Unsorted", "Subarray", ",", "sorting", "which", "makes", "the", "complete", "array", "sorted"], "desc_tokens": ["Find", "the", "Minimum", "length", "Unsorted", "Subarray", ",", "sorting", "which", "makes", "the", "complete", "array", "sorted"]}
