{"idx": "1636-C-7", "code": "\n\n  printf(\" The unsorted subarray which makes the given array \"\n         \" sorted lies between the indees %d and %d\", s, e);\n  return;\n}\nint main()\n{\n  int arr[] = {10, 12, 20, 30, 25, 40, 32, 31, 35, 50, 60};\n  int arr_size = sizeof(arr)/sizeof(arr[0]);\n  printUnsorted(arr, arr_size);\n  getchar();\n  return 0;\n}", "comment": "/* step 3 of above algo*/", "problem_desc": "Find the Minimum length Unsorted Subarray, sorting which makes the complete array sorted", "snippet": " printf(\" The unsorted subarray which makes the given array \" \" sorted lies between the indees %d and %d\", s, e);\n return;\n}\nint main()\n{\n int arr[] = {10, 12, 20, 30, 25, 40, 32, 31, 35, 50, 60};\n int arr_size = sizeof(arr)/sizeof(arr[0]);\n printUnsorted(arr, arr_size);\n getchar();\n return 0;\n}", "tokens": ["printf", "(", "\" \u2581 The \u2581 unsorted \u2581 subarray \u2581 which \u2581 makes \u2581 the \u2581 given \u2581 array \u2581 \"", "\" \u2581 sorted \u2581 lies \u2581 between \u2581 the \u2581 indees \u2581 % d \u2581 and \u2581 % d \"", ",", "s", ",", "e", ")", ";", "return", ";", "}", "int", "main", "(", ")", "{", "int", "arr", "[", "]", "=", "{", "10", ",", "12", ",", "20", ",", "30", ",", "25", ",", "40", ",", "32", ",", "31", ",", "35", ",", "50", ",", "60", "}", ";", "int", "arr_size", "=", "sizeof", "(", "arr", ")", "/", "sizeof", "(", "arr", "[", "0", "]", ")", ";", "printUnsorted", "(", "arr", ",", "arr_size", ")", ";", "getchar", "(", ")", ";", "return", "0", ";", "}"], "comment_tokens": ["step", "3", "of", "above", "algo"], "desc_tokens": ["Find", "the", "Minimum", "length", "Unsorted", "Subarray", ",", "sorting", "which", "makes", "the", "complete", "array", "sorted"]}
