{"idx": "1638-C-6", "code": "\n\n    for (int i = 0; i < n - 2; ++i) {\n", "comment": "/* Fix the first element. We need to run till n-3\n as the other two elements are selected from\n arr[i+1...n-1]*/", "problem_desc": "Count the number of possible triangles", "snippet": "for (int i = 0; i < n - 2; ++i) {", "tokens": ["for", "(", "int", "i", "=", "0", ";", "i", "<", "n", "-", "2", ";", "++", "i", ")", "{"], "comment_tokens": ["Fix", "the", "first", "element", ".", "We", "need", "to", "run", "till", "n", "-", "3", "as", "the", "other", "two", "elements", "are", "selected", "from", "arr", "[", "i", "+", "1.", ".", ".", "n", "-", "1", "]"], "desc_tokens": ["Count", "the", "number", "of", "possible", "triangles"]}
