{"idx": "1638-C-3", "code": "\n\nint findNumberOfTriangles(int arr[], int n)\n{\n", "comment": "/*Function to count all possible triangles with arr[]\nelements*/", "problem_desc": "Count the number of possible triangles", "snippet": "int findNumberOfTriangles(int arr[], int n)\n{", "tokens": ["int", "findNumberOfTriangles", "(", "int", "arr", "[", "]", ",", "int", "n", ")", "{"], "comment_tokens": ["Function", "to", "count", "all", "possible", "triangles", "with", "arr", "[", "]", "elements"], "desc_tokens": ["Count", "the", "number", "of", "possible", "triangles"]}
