{"idx": "1638-C-4", "code": "\n\n    qsort(arr, n, sizeof(arr[0]), comp);\n", "comment": "/* Sort the array elements in non-decreasing order*/", "problem_desc": "Count the number of possible triangles", "snippet": "qsort(arr, n, sizeof(arr[0]), comp);", "tokens": ["qsort", "(", "arr", ",", "n", ",", "sizeof", "(", "arr", "[", "0", "]", ")", ",", "comp", ")", ";"], "comment_tokens": ["Sort", "the", "array", "elements", "in", "non", "-", "decreasing", "order"], "desc_tokens": ["Count", "the", "number", "of", "possible", "triangles"]}
