{"idx": "1656-C-2", "code": "\n\nint findElement(int arr[], int n,\n                int key)\n{\n    int i;\n    for (i = 0; i < n; i++)\n        if (arr[i] == key)\n            return i;\n    return -1;\n}\n", "comment": "/*Function to implement search operation*/", "problem_desc": "Search, insert and delete in an unsorted array", "snippet": "int findElement(int arr[], int n, int key)\n{\nint i;\nfor (i = 0; i < n; i++)\nif (arr[i] == key)\nreturn i;\nreturn -1;\n}", "tokens": ["int", "findElement", "(", "int", "arr", "[", "]", ",", "int", "n", ",", "int", "key", ")", "{", "int", "i", ";", "for", "(", "i", "=", "0", ";", "i", "<", "n", ";", "i", "++", ")", "if", "(", "arr", "[", "i", "]", "==", "key", ")", "return", "i", ";", "return", "-1", ";", "}"], "comment_tokens": ["Function", "to", "implement", "search", "operation"], "desc_tokens": ["Search", ",", "insert", "and", "delete", "in", "an", "unsorted", "array"]}
