{"idx": "1656-C-3", "code": "\n\nint main()\n{\n    int arr[] = {12, 34, 10, 6, 40};\n    int n = sizeof(arr) / sizeof(arr[0]);\n", "comment": "/*Driver Code*/", "problem_desc": "Search, insert and delete in an unsorted array", "snippet": "int main()\n{\nint arr[] = {12, 34, 10, 6, 40};\nint n = sizeof(arr) / sizeof(arr[0]);", "tokens": ["int", "main", "(", ")", "{", "int", "arr", "[", "]", "=", "{", "12", ",", "34", ",", "10", ",", "6", ",", "40", "}", ";", "int", "n", "=", "sizeof", "(", "arr", ")", "/", "sizeof", "(", "arr", "[", "0", "]", ")", ";"], "comment_tokens": ["Driver", "Code"], "desc_tokens": ["Search", ",", "insert", "and", "delete", "in", "an", "unsorted", "array"]}
