{"idx": "1659-C-4", "code": "\n\nint main()\n{\n\n\n    int arr[] = { 5, 6, 7, 8, 9, 10 };\n    int n, key;\n    n = sizeof(arr) / sizeof(arr[0]);\n    key = 10;\n    printf(\"Index: %d\\n\", binarySearch(arr, 0, n-1, key));\n    return 0;\n}", "comment": "/* Driver Code Let us search 3 in below array*/", "problem_desc": "Search, insert and delete in a sorted array", "snippet": "int main()\n{\nint arr[] = { 5, 6, 7, 8, 9, 10 };\nint n, key;\nn = sizeof(arr) / sizeof(arr[0]);\nkey = 10;\nprintf(\"Index: %d\\n\", binarySearch(arr, 0, n-1, key));\nreturn 0;\n}", "tokens": ["int", "main", "(", ")", "{", "int", "arr", "[", "]", "=", "{", "5", ",", "6", ",", "7", ",", "8", ",", "9", ",", "10", "}", ";", "int", "n", ",", "key", ";", "n", "=", "sizeof", "(", "arr", ")", "/", "sizeof", "(", "arr", "[", "0", "]", ")", ";", "key", "=", "10", ";", "printf", "(", "\" Index : \u2581 % d STRNEWLINE \"", ",", "binarySearch", "(", "arr", ",", "0", ",", "n", "-", "1", ",", "key", ")", ")", ";", "return", "0", ";", "}"], "comment_tokens": ["Driver", "Code", "Let", "us", "search", "3", "in", "below", "array"], "desc_tokens": ["Search", ",", "insert", "and", "delete", "in", "a", "sorted", "array"]}
