{"idx": "1659-C-3", "code": "\n\n    if (key == arr[mid])\n        return mid;\n    if (key > arr[mid])\n        return binarySearch(arr, (mid + 1), high, key);\n    return binarySearch(arr, low, (mid - 1), key);\n}\n", "comment": "/*low + (high - low)/2;*/", "problem_desc": "Search, insert and delete in a sorted array", "snippet": "if (key == arr[mid])\nreturn mid;\nif (key > arr[mid])\nreturn binarySearch(arr, (mid + 1), high, key);\nreturn binarySearch(arr, low, (mid - 1), key);\n}", "tokens": ["if", "(", "key", "==", "arr", "[", "mid", "]", ")", "return", "mid", ";", "if", "(", "key", ">", "arr", "[", "mid", "]", ")", "return", "binarySearch", "(", "arr", ",", "(", "mid", "+", "1", ")", ",", "high", ",", "key", ")", ";", "return", "binarySearch", "(", "arr", ",", "low", ",", "(", "mid", "-", "1", ")", ",", "key", ")", ";", "}"], "comment_tokens": ["low", "+", "(", "high", "-", "low", ")", "/", "2", ";"], "desc_tokens": ["Search", ",", "insert", "and", "delete", "in", "a", "sorted", "array"]}
