{"idx": "1659-C-2", "code": "\nint binarySearch(int arr[], int low, int high, int key)\n{\n    if (high < low)\n        return -1;\n    int mid = (low + high) / 2; ", "comment": "/* function to implement\n binary search*/", "problem_desc": "Search, insert and delete in a sorted array", "snippet": "int binarySearch(int arr[], int low, int high, int key)\n{\nif (high < low)\nreturn -1;\nint mid = (low + high) / 2; ", "tokens": ["int", "binarySearch", "(", "int", "arr", "[", "]", ",", "int", "low", ",", "int", "high", ",", "int", "key", ")", "{", "if", "(", "high", "<", "low", ")", "return", "-1", ";", "int", "mid", "=", "(", "low", "+", "high", ")", "/", "2", ";"], "comment_tokens": ["function", "to", "implement", "binary", "search"], "desc_tokens": ["Search", ",", "insert", "and", "delete", "in", "a", "sorted", "array"]}
