{"idx": "1682-C-2", "code": "\n\nint equilibrium(int arr[], int n)\n{\n    int i, j;\n    int leftsum, rightsum;", "comment": "/*function to find the equilibrium index*/", "problem_desc": "Equilibrium index of an array", "snippet": "int equilibrium(int arr[], int n)\n{\nint i, j;\nint leftsum, rightsum;", "tokens": ["int", "equilibrium", "(", "int", "arr", "[", "]", ",", "int", "n", ")", "{", "int", "i", ",", "j", ";", "int", "leftsum", ",", "rightsum", ";"], "comment_tokens": ["function", "to", "find", "the", "equilibrium", "index"], "desc_tokens": ["Equilibrium", "index", "of", "an", "array"]}
