{"idx": "1682-C-3", "code": "\n\n    for (i = 0; i < n; ++i) {      \n        leftsum = 0; \n        rightsum = 0;        ", "comment": "/* Check for indexes one by one until\n an equilibrium index is found */", "problem_desc": "Equilibrium index of an array", "snippet": "for (i = 0; i < n; ++i) {\nleftsum = 0; \nrightsum = 0;", "tokens": ["for", "(", "i", "=", "0", ";", "i", "<", "n", ";", "++", "i", ")", "{", "leftsum", "=", "0", ";", "rightsum", "=", "0", ";"], "comment_tokens": ["Check", "for", "indexes", "one", "by", "one", "until", "an", "equilibrium", "index", "is", "found"], "desc_tokens": ["Equilibrium", "index", "of", "an", "array"]}
