{"idx": "1682-C-5", "code": "\n\n\n        for (j = i + 1; j < n; j++)\n            rightsum += arr[j];\n        ", "comment": "/* get right sum */", "problem_desc": "Equilibrium index of an array", "snippet": "for (j = i + 1; j < n; j++)\nrightsum += arr[j];", "tokens": ["for", "(", "j", "=", "i", "+", "1", ";", "j", "<", "n", ";", "j", "++", ")", "rightsum", "+=", "arr", "[", "j", "]", ";"], "comment_tokens": ["get", "right", "sum"], "desc_tokens": ["Equilibrium", "index", "of", "an", "array"]}
