{"idx": "1682-C-6", "code": "\n\n        if (leftsum == rightsum)\n            return i;\n    }\n    ", "comment": "/* if leftsum and rightsum are same,\n then we are done */", "problem_desc": "Equilibrium index of an array", "snippet": "if (leftsum == rightsum)\nreturn i;\n}", "tokens": ["if", "(", "leftsum", "==", "rightsum", ")", "return", "i", ";", "}"], "comment_tokens": ["if", "leftsum", "and", "rightsum", "are", "same", ",", "then", "we", "are", "done"], "desc_tokens": ["Equilibrium", "index", "of", "an", "array"]}
