{"idx": "1683-C-8", "code": "\n\nint main()\n{\n    int arr[] = { -7, 1, 5, 2, -4, 3, 0 };\n    int arr_size = sizeof(arr) / sizeof(arr[0]);\n    printf(\"First equilibrium index is %d\",\n                 equilibrium(arr, arr_size));\n    getchar();\n    return 0;\n}", "comment": "/*Driver code*/", "problem_desc": "Equilibrium index of an array", "snippet": "int main()\n{\nint arr[] = { -7, 1, 5, 2, -4, 3, 0 };\nint arr_size = sizeof(arr) / sizeof(arr[0]);\nprintf(\"First equilibrium index is %d\",\nequilibrium(arr, arr_size));\ngetchar();\nreturn 0;\n}", "tokens": ["int", "main", "(", ")", "{", "int", "arr", "[", "]", "=", "{", "-7", ",", "1", ",", "5", ",", "2", ",", "-4", ",", "3", ",", "0", "}", ";", "int", "arr_size", "=", "sizeof", "(", "arr", ")", "/", "sizeof", "(", "arr", "[", "0", "]", ")", ";", "printf", "(", "\" First \u2581 equilibrium \u2581 index \u2581 is \u2581 % d \"", ",", "equilibrium", "(", "arr", ",", "arr_size", ")", ")", ";", "getchar", "(", ")", ";", "return", "0", ";", "}"], "comment_tokens": ["Driver", "code"], "desc_tokens": ["Equilibrium", "index", "of", "an", "array"]}
