{"idx": "1683-C-6", "code": "\n\nsum -= arr[i]; \n        if (leftsum == sum)\n            return i;\n        leftsum += arr[i];\n    }\n    ", "comment": "/*sum is now right sum for index i*/", "problem_desc": "Equilibrium index of an array", "snippet": "sum -= arr[i]; \nif (leftsum == sum)\nreturn i;\nleftsum += arr[i];\n}", "tokens": ["sum", "-=", "arr", "[", "i", "]", ";", "if", "(", "leftsum", "==", "sum", ")", "return", "i", ";", "leftsum", "+=", "arr", "[", "i", "]", ";", "}"], "comment_tokens": ["sum", "is", "now", "right", "sum", "for", "index", "i"], "desc_tokens": ["Equilibrium", "index", "of", "an", "array"]}
