{"idx": "1683-C-5", "code": "\n\n    for (int i = 0; i < n; ++i)\n        sum += arr[i];\n    for (int i = 0; i < n; ++i) {\n", "comment": "/* Find sum of the whole array */", "problem_desc": "Equilibrium index of an array", "snippet": "for (int i = 0; i < n; ++i)\nsum += arr[i];\nfor (int i = 0; i < n; ++i) {", "tokens": ["for", "(", "int", "i", "=", "0", ";", "i", "<", "n", ";", "++", "i", ")", "sum", "+=", "arr", "[", "i", "]", ";", "for", "(", "int", "i", "=", "0", ";", "i", "<", "n", ";", "++", "i", ")", "{"], "comment_tokens": ["Find", "sum", "of", "the", "whole", "array"], "desc_tokens": ["Equilibrium", "index", "of", "an", "array"]}
