{"idx": "1687-C-5", "code": "\n\n    if(arr[i] < x && arr[i+1] >= x)\n       return i+1;\n  }        \n  ", "comment": "/* if x lies between arr[i] and arr[i+1] including\n arr[i+1], then return arr[i+1] */", "problem_desc": "Ceiling in a sorted array", "snippet": "if(arr[i] < x && arr[i+1] >= x)\nreturn i+1;\n }", "tokens": ["if", "(", "arr", "[", "i", "]", "<", "x", "&&", "arr", "[", "i", "+", "1", "]", ">=", "x", ")", "return", "i", "+", "1", ";", "}"], "comment_tokens": ["if", "x", "lies", "between", "arr", "[", "i", "]", "and", "arr", "[", "i", "+", "1", "]", "including", "arr", "[", "i", "+", "1", "]", ",", "then", "return", "arr", "[", "i", "+", "1", "]"], "desc_tokens": ["Ceiling", "in", "a", "sorted", "array"]}
