{"idx": "1687-C-7", "code": "\n\nint main()\n{\n   int arr[] = {1, 2, 8, 10, 10, 12, 19};\n   int n = sizeof(arr)/sizeof(arr[0]);\n   int x = 3;\n   int index = ceilSearch(arr, 0, n-1, x);\n   if(index == -1)\n     printf(\"Ceiling of %d doesn't exist in array \", x);\n   else\n     printf(\"ceiling of %d is %d\", x, arr[index]);\n   getchar();\n   return 0;\n}", "comment": "/* Driver program to check above functions */", "problem_desc": "Ceiling in a sorted array", "snippet": "int main()\n{\n int arr[] = {1, 2, 8, 10, 10, 12, 19};\n int n = sizeof(arr)/sizeof(arr[0]);\n int x = 3;\n int index = ceilSearch(arr, 0, n-1, x);\n if(index == -1)\nprintf(\"Ceiling of %d doesn't exist in array \", x);\n else\nprintf(\"ceiling of %d is %d\", x, arr[index]);\n getchar();\n return 0;\n}", "tokens": ["int", "main", "(", ")", "{", "int", "arr", "[", "]", "=", "{", "1", ",", "2", ",", "8", ",", "10", ",", "10", ",", "12", ",", "19", "}", ";", "int", "n", "=", "sizeof", "(", "arr", ")", "/", "sizeof", "(", "arr", "[", "0", "]", ")", ";", "int", "x", "=", "3", ";", "int", "index", "=", "ceilSearch", "(", "arr", ",", "0", ",", "n", "-", "1", ",", "x", ")", ";", "if", "(", "index", "==", "-1", ")", "printf", "(", "\" Ceiling \u2581 of \u2581 % d \u2581 doesn ' t \u2581 exist \u2581 in \u2581 array \u2581 \"", ",", "x", ")", ";", "else", "printf", "(", "\" ceiling \u2581 of \u2581 % d \u2581 is \u2581 % d \"", ",", "x", ",", "arr", "[", "index", "]", ")", ";", "getchar", "(", ")", ";", "return", "0", ";", "}"], "comment_tokens": ["Driver", "program", "to", "check", "above", "functions"], "desc_tokens": ["Ceiling", "in", "a", "sorted", "array"]}
