{"idx": "1687-C-6", "code": "\n\n  return -1;\n}\n", "comment": "/* If we reach here then x is greater than the last element\n of the array, return -1 in this case */", "problem_desc": "Ceiling in a sorted array", "snippet": " return -1;\n}", "tokens": ["return", "-1", ";", "}"], "comment_tokens": ["If", "we", "reach", "here", "then", "x", "is", "greater", "than", "the", "last", "element", "of", "the", "array", ",", "return", "-", "1", "in", "this", "case"], "desc_tokens": ["Ceiling", "in", "a", "sorted", "array"]}
