{"idx": "1687-C-4", "code": "\n\n  for(i = low; i < high; i++)\n  {\n    if(arr[i] == x)\n      return i;\n    ", "comment": "/* Otherwise, linearly search for ceil value */", "problem_desc": "Ceiling in a sorted array", "snippet": " for(i = low; i < high; i++)\n {\nif(arr[i] == x)\nreturn i;", "tokens": ["for", "(", "i", "=", "low", ";", "i", "<", "high", ";", "i", "++", ")", "{", "if", "(", "arr", "[", "i", "]", "==", "x", ")", "return", "i", ";"], "comment_tokens": ["Otherwise", ",", "linearly", "search", "for", "ceil", "value"], "desc_tokens": ["Ceiling", "in", "a", "sorted", "array"]}
