{"idx": "1688-C-3", "code": "\n\n  if(x <= arr[low])\n    return low;\n  ", "comment": "/* If x is smaller than or equal to the first element,\n then return the first element */", "problem_desc": "Ceiling in a sorted array", "snippet": " if(x <= arr[low])\nreturn low;", "tokens": ["if", "(", "x", "<=", "arr", "[", "low", "]", ")", "return", "low", ";"], "comment_tokens": ["If", "x", "is", "smaller", "than", "or", "equal", "to", "the", "first", "element", ",", "then", "return", "the", "first", "element"], "desc_tokens": ["Ceiling", "in", "a", "sorted", "array"]}
