{"idx": "1688-C-8", "code": "\n   \n  else\n  {\n    if(mid - 1 >= low && x > arr[mid-1])\n      return mid;\n    else    \n      return ceilSearch(arr, low, mid - 1, x);\n  }\n}\n", "comment": "/* If x is smaller than arr[mid], then either arr[mid]\n is ceiling of x or ceiling lies in arr[low...mid-1] */", "problem_desc": "Ceiling in a sorted array", "snippet": " else\n {\nif(mid - 1 >= low && x > arr[mid-1])\nreturn mid;\nelse\nreturn ceilSearch(arr, low, mid - 1, x);\n }\n}", "tokens": ["else", "{", "if", "(", "mid", "-", "1", ">=", "low", "&&", "x", ">", "arr", "[", "mid", "-", "1", "]", ")", "return", "mid", ";", "else", "return", "ceilSearch", "(", "arr", ",", "low", ",", "mid", "-", "1", ",", "x", ")", ";", "}", "}"], "comment_tokens": ["If", "x", "is", "smaller", "than", "arr", "[", "mid", "]", ",", "then", "either", "arr", "[", "mid", "]", "is", "ceiling", "of", "x", "or", "ceiling", "lies", "in", "arr", "[", "low", "...", "mid", "-", "1", "]"], "desc_tokens": ["Ceiling", "in", "a", "sorted", "array"]}
