{"idx": "1688-C-2", "code": "\n\nint ceilSearch(int arr[], int low, int high, int x)\n{\n  int mid;   \n  ", "comment": "/* Function to get index of ceiling of x in arr[low..high]*/", "problem_desc": "Ceiling in a sorted array", "snippet": "int ceilSearch(int arr[], int low, int high, int x)\n{\n int mid; ", "tokens": ["int", "ceilSearch", "(", "int", "arr", "[", "]", ",", "int", "low", ",", "int", "high", ",", "int", "x", ")", "{", "int", "mid", ";"], "comment_tokens": ["Function", "to", "get", "index", "of", "ceiling", "of", "x", "in", "arr", "[", "low", ".", ".", "high", "]"], "desc_tokens": ["Ceiling", "in", "a", "sorted", "array"]}
