{"idx": "1688-C-7", "code": "\n \n  else if(arr[mid] < x)\n  {\n    if(mid + 1 <= high && x <= arr[mid+1])\n      return mid + 1;\n    else\n      return ceilSearch(arr, mid+1, high, x);\n  }\n  ", "comment": "/* If x is greater than arr[mid], then either arr[mid + 1]\n is ceiling of x or ceiling lies in arr[mid+1...high] */", "problem_desc": "Ceiling in a sorted array", "snippet": " else if(arr[mid] < x)\n {\nif(mid + 1 <= high && x <= arr[mid+1])\nreturn mid + 1;\nelse\nreturn ceilSearch(arr, mid+1, high, x);\n }", "tokens": ["else", "if", "(", "arr", "[", "mid", "]", "<", "x", ")", "{", "if", "(", "mid", "+", "1", "<=", "high", "&&", "x", "<=", "arr", "[", "mid", "+", "1", "]", ")", "return", "mid", "+", "1", ";", "else", "return", "ceilSearch", "(", "arr", ",", "mid", "+", "1", ",", "high", ",", "x", ")", ";", "}"], "comment_tokens": ["If", "x", "is", "greater", "than", "arr", "[", "mid", "]", ",", "then", "either", "arr", "[", "mid", "+", "1", "]", "is", "ceiling", "of", "x", "or", "ceiling", "lies", "in", "arr", "[", "mid", "+", "1.", ".", ".", "high", "]"], "desc_tokens": ["Ceiling", "in", "a", "sorted", "array"]}
