{"idx": "1691-C-6", "code": "\n\n    if (isMajority(a, size, cand))\n        printf(\" %d \", cand);\n    else\n        printf(\"No Majority Element\");\n}\n", "comment": "/* Print the candidate if it is Majority*/", "problem_desc": "Majority Element", "snippet": "if (isMajority(a, size, cand))\nprintf(\" %d \", cand);\nelse\nprintf(\"No Majority Element\");\n}", "tokens": ["if", "(", "isMajority", "(", "a", ",", "size", ",", "cand", ")", ")", "printf", "(", "\" \u2581 % d \u2581 \"", ",", "cand", ")", ";", "else", "printf", "(", "\" No \u2581 Majority \u2581 Element \"", ")", ";", "}"], "comment_tokens": ["Print", "the", "candidate", "if", "it", "is", "Majority"], "desc_tokens": ["Majority", "Element"]}
