{"idx": "1691-C-3", "code": "\n\nbool isMajority(int a[], int size, int cand)\n{\n    int i, count = 0;\n    for (i = 0; i < size; i++)\n        if (a[i] == cand)\n            count++;\n    if (count > size / 2)\n        return 1;\n    else\n        return 0;\n}\n", "comment": "/* Function to check if the candidate occurs more than n/2\n * times */", "problem_desc": "Majority Element", "snippet": "bool isMajority(int a[], int size, int cand)\n{\nint i, count = 0;\nfor (i = 0; i < size; i++)\nif (a[i] == cand)\ncount++;\nif (count > size / 2)\nreturn 1;\nelse\nreturn 0;\n}", "tokens": ["bool", "isMajority", "(", "int", "a", "[", "]", ",", "int", "size", ",", "int", "cand", ")", "{", "int", "i", ",", "count", "=", "0", ";", "for", "(", "i", "=", "0", ";", "i", "<", "size", ";", "i", "++", ")", "if", "(", "a", "[", "i", "]", "==", "cand", ")", "count", "++", ";", "if", "(", "count", ">", "size", "/", "2", ")", "return", "1", ";", "else", "return", "0", ";", "}"], "comment_tokens": ["Function", "to", "check", "if", "the", "candidate", "occurs", "more", "than", "n", "/", "2", "*", "times"], "desc_tokens": ["Majority", "Element"]}
