{"idx": "1691-C-7", "code": "\n\nint main()\n{\n    int a[] = { 1, 3, 3, 1, 2 };\n    int size = (sizeof(a)) / sizeof(a[0]);\n", "comment": "/* Driver code */", "problem_desc": "Majority Element", "snippet": "int main()\n{\nint a[] = { 1, 3, 3, 1, 2 };\nint size = (sizeof(a)) / sizeof(a[0]);", "tokens": ["int", "main", "(", ")", "{", "int", "a", "[", "]", "=", "{", "1", ",", "3", ",", "3", ",", "1", ",", "2", "}", ";", "int", "size", "=", "(", "sizeof", "(", "a", ")", ")", "/", "sizeof", "(", "a", "[", "0", "]", ")", ";"], "comment_tokens": ["Driver", "code"], "desc_tokens": ["Majority", "Element"]}
