{"idx": "1694-C-5", "code": "\n\nint main()\n{\n     int arr[] ={1, 2, 3, 4, 4, 4, 4};\n     int n = sizeof(arr)/sizeof(arr[0]);\n     int x = 4;\n     if (isMajority(arr, n, x))\n        printf(\"%d appears more than %d times in arr[]\",\n               x, n/2);\n     else\n        printf(\"%d does not appear more than %d times in arr[]\",\n                x, n/2);\n   return 0;\n}", "comment": "/* Driver program to check above function */", "problem_desc": "Check for Majority Element in a sorted array", "snippet": "int main()\n{\nint arr[] ={1, 2, 3, 4, 4, 4, 4};\nint n = sizeof(arr)/sizeof(arr[0]);\nint x = 4;\nif (isMajority(arr, n, x))\nprintf(\"%d appears more than %d times in arr[]\", x, n/2);\nelse\nprintf(\"%d does not appear more than %d times in arr[]\", x, n/2);\n return 0;\n}", "tokens": ["int", "main", "(", ")", "{", "int", "arr", "[", "]", "=", "{", "1", ",", "2", ",", "3", ",", "4", ",", "4", ",", "4", ",", "4", "}", ";", "int", "n", "=", "sizeof", "(", "arr", ")", "/", "sizeof", "(", "arr", "[", "0", "]", ")", ";", "int", "x", "=", "4", ";", "if", "(", "isMajority", "(", "arr", ",", "n", ",", "x", ")", ")", "printf", "(", "\" % d \u2581 appears \u2581 more \u2581 than \u2581 % d \u2581 times \u2581 in \u2581 arr [ ] \"", ",", "x", ",", "n", "/", "2", ")", ";", "else", "printf", "(", "\" % d \u2581 does \u2581 not \u2581 appear \u2581 more \u2581 than \u2581 % d \u2581 times \u2581 in \u2581 arr [ ] \"", ",", "x", ",", "n", "/", "2", ")", ";", "return", "0", ";", "}"], "comment_tokens": ["Driver", "program", "to", "check", "above", "function"], "desc_tokens": ["Check", "for", "Majority", "Element", "in", "a", "sorted", "array"]}
