{"idx": "1694-C-3", "code": "\n\n    for (i = 0; i < last_index; i++)\n    {\n        ", "comment": "/* search for first occurrence of x in arr[]*/", "problem_desc": "Check for Majority Element in a sorted array", "snippet": "for (i = 0; i < last_index; i++)\n{", "tokens": ["for", "(", "i", "=", "0", ";", "i", "<", "last_index", ";", "i", "++", ")", "{"], "comment_tokens": ["search", "for", "first", "occurrence", "of", "x", "in", "arr", "[", "]"], "desc_tokens": ["Check", "for", "Majority", "Element", "in", "a", "sorted", "array"]}
