{"idx": "1694-C-4", "code": "\n\n        if (arr[i] == x && arr[i+n/2] == x)\n            return 1;\n    }\n    return 0;\n}\n", "comment": "/* check if x is present and is present more than n/2\n times */", "problem_desc": "Check for Majority Element in a sorted array", "snippet": "if (arr[i] == x && arr[i+n/2] == x)\nreturn 1;\n}\nreturn 0;\n}", "tokens": ["if", "(", "arr", "[", "i", "]", "==", "x", "&&", "arr", "[", "i", "+", "n", "/", "2", "]", "==", "x", ")", "return", "1", ";", "}", "return", "0", ";", "}"], "comment_tokens": ["check", "if", "x", "is", "present", "and", "is", "present", "more", "than", "n", "/", "2", "times"], "desc_tokens": ["Check", "for", "Majority", "Element", "in", "a", "sorted", "array"]}
