{"idx": "1694-C-2", "code": "\n\n    int last_index = n%2? (n/2+1): (n/2);\n    ", "comment": "/* get last index according to n (even or odd) */", "problem_desc": "Check for Majority Element in a sorted array", "snippet": "int last_index = n%2? (n/2+1): (n/2);", "tokens": ["int", "last_index", "=", "n", "%", "2", "?", "(", "n", "/", "2", "+", "1", ")", ":", "(", "n", "/", "2", ")", ";"], "comment_tokens": ["get", "last", "index", "according", "to", "n", "(", "even", "or", "odd", ")"], "desc_tokens": ["Check", "for", "Majority", "Element", "in", "a", "sorted", "array"]}
