{"idx": "1701-C-6", "code": "\n\n    else\n        return findPeakUtil(arr, (mid + 1), high, n);\n}\n", "comment": "/* If middle element is not peak and\n its right neighbour is greater\n than it, then right half must have a peak element*/", "problem_desc": "Find a peak element", "snippet": "else\nreturn findPeakUtil(arr, (mid + 1), high, n);\n}", "tokens": ["else", "return", "findPeakUtil", "(", "arr", ",", "(", "mid", "+", "1", ")", ",", "high", ",", "n", ")", ";", "}"], "comment_tokens": ["If", "middle", "element", "is", "not", "peak", "and", "its", "right", "neighbour", "is", "greater", "than", "it", ",", "then", "right", "half", "must", "have", "a", "peak", "element"], "desc_tokens": ["Find", "a", "peak", "element"]}
