{"idx": "1701-C-8", "code": "\n\nint main()\n{\n    int arr[] = { 1, 3, 20, 4, 1, 0 };\n    int n = sizeof(arr) / sizeof(arr[0]);\n    printf(\n        \"Index of a peak point is %d\", findPeak(arr, n));\n    return 0;\n}", "comment": "/* Driver program to check above functions */", "problem_desc": "Find a peak element", "snippet": "int main()\n{\nint arr[] = { 1, 3, 20, 4, 1, 0 };\nint n = sizeof(arr) / sizeof(arr[0]);\nprintf(\n\"Index of a peak point is %d\", findPeak(arr, n));\nreturn 0;\n}", "tokens": ["int", "main", "(", ")", "{", "int", "arr", "[", "]", "=", "{", "1", ",", "3", ",", "20", ",", "4", ",", "1", ",", "0", "}", ";", "int", "n", "=", "sizeof", "(", "arr", ")", "/", "sizeof", "(", "arr", "[", "0", "]", ")", ";", "printf", "(", "\" Index \u2581 of \u2581 a \u2581 peak \u2581 point \u2581 is \u2581 % d \"", ",", "findPeak", "(", "arr", ",", "n", ")", ")", ";", "return", "0", ";", "}"], "comment_tokens": ["Driver", "program", "to", "check", "above", "functions"], "desc_tokens": ["Find", "a", "peak", "element"]}
