{"idx": "1701-C-2", "code": "\n\nint findPeakUtil(\n    int arr[], int low, int high, int n)\n{\n", "comment": "/*A binary search based function that\nreturns index of a peak element*/", "problem_desc": "Find a peak element", "snippet": "int findPeakUtil( int arr[], int low, int high, int n)\n{", "tokens": ["int", "findPeakUtil", "(", "int", "arr", "[", "]", ",", "int", "low", ",", "int", "high", ",", "int", "n", ")", "{"], "comment_tokens": ["A", "binary", "search", "based", "function", "that", "returns", "index", "of", "a", "peak", "element"], "desc_tokens": ["Find", "a", "peak", "element"]}
