{"idx": "1701-C-7", "code": "\n\nint findPeak(int arr[], int n)\n{\n    return findPeakUtil(arr, 0, n - 1, n);\n}\n", "comment": "/*A wrapper over recursive function findPeakUtil()*/", "problem_desc": "Find a peak element", "snippet": "int findPeak(int arr[], int n)\n{\nreturn findPeakUtil(arr, 0, n - 1, n);\n}", "tokens": ["int", "findPeak", "(", "int", "arr", "[", "]", ",", "int", "n", ")", "{", "return", "findPeakUtil", "(", "arr", ",", "0", ",", "n", "-", "1", ",", "n", ")", ";", "}"], "comment_tokens": ["A", "wrapper", "over", "recursive", "function", "findPeakUtil", "(", ")"], "desc_tokens": ["Find", "a", "peak", "element"]}
