{"idx": "1701-C-4", "code": "\n\n    if ((mid == 0 || arr[mid - 1] <= arr[mid]) && (mid == n - 1 || arr[mid + 1] <= arr[mid]))\n        return mid;\n", "comment": "/* Compare middle element with\n its neighbours (if neighbours exist)*/", "problem_desc": "Find a peak element", "snippet": "if ((mid == 0 arr[mid - 1] <= arr[mid]) && (mid == n - 1 arr[mid + 1] <= arr[mid]))\nreturn mid;", "tokens": ["if", "(", "(", "mid", "==", "0", "arr", "[", "mid", "-", "1", "]", "<=", "arr", "[", "mid", "]", ")", "&&", "(", "mid", "==", "n", "-", "1", "arr", "[", "mid", "+", "1", "]", "<=", "arr", "[", "mid", "]", ")", ")", "return", "mid", ";"], "comment_tokens": ["Compare", "middle", "element", "with", "its", "neighbours", "(", "if", "neighbours", "exist", ")"], "desc_tokens": ["Find", "a", "peak", "element"]}
