{"idx": "1702-C-2", "code": "\n\nvoid printRepeating(int arr[], int size)\n{\n  int i, j;\n  printf(\" Repeating elements are \");\n  for(i = 0; i < size; i++)\n    for(j = i+1; j < size; j++)\n      if(arr[i] == arr[j])\n        printf(\" %d \", arr[i]);\n}    ", "comment": "/*Print Repeating function*/", "problem_desc": "Find the two repeating elements in a given array", "snippet": "void printRepeating(int arr[], int size)\n{\n int i, j;\n printf(\" Repeating elements are \");\n for(i = 0; i < size; i++)\nfor(j = i+1; j < size; j++)\nif(arr[i] == arr[j])\nprintf(\" %d \", arr[i]);\n}", "tokens": ["void", "printRepeating", "(", "int", "arr", "[", "]", ",", "int", "size", ")", "{", "int", "i", ",", "j", ";", "printf", "(", "\" \u2581 Repeating \u2581 elements \u2581 are \u2581 \"", ")", ";", "for", "(", "i", "=", "0", ";", "i", "<", "size", ";", "i", "++", ")", "for", "(", "j", "=", "i", "+", "1", ";", "j", "<", "size", ";", "j", "++", ")", "if", "(", "arr", "[", "i", "]", "==", "arr", "[", "j", "]", ")", "printf", "(", "\" \u2581 % d \u2581 \"", ",", "arr", "[", "i", "]", ")", ";", "}"], "comment_tokens": ["Print", "Repeating", "function"], "desc_tokens": ["Find", "the", "two", "repeating", "elements", "in", "a", "given", "array"]}
