{"idx": "1702-C-3", "code": "\n\nint main()\n{\n  int arr[] = {4, 2, 4, 5, 2, 3, 1};\n  int arr_size = sizeof(arr)/sizeof(arr[0]); \n  printRepeating(arr, arr_size);\n  getchar();\n  return 0;\n}", "comment": "/*Driver Code*/", "problem_desc": "Find the two repeating elements in a given array", "snippet": "int main()\n{\n int arr[] = {4, 2, 4, 5, 2, 3, 1};\n int arr_size = sizeof(arr)/sizeof(arr[0]); \n printRepeating(arr, arr_size);\n getchar();\n return 0;\n}", "tokens": ["int", "main", "(", ")", "{", "int", "arr", "[", "]", "=", "{", "4", ",", "2", ",", "4", ",", "5", ",", "2", ",", "3", ",", "1", "}", ";", "int", "arr_size", "=", "sizeof", "(", "arr", ")", "/", "sizeof", "(", "arr", "[", "0", "]", ")", ";", "printRepeating", "(", "arr", ",", "arr_size", ")", ";", "getchar", "(", ")", ";", "return", "0", ";", "}"], "comment_tokens": ["Driver", "Code"], "desc_tokens": ["Find", "the", "two", "repeating", "elements", "in", "a", "given", "array"]}
