{"idx": "1703-C-2", "code": "\n\nvoid printRepeating(int arr[], int size)\n{\n  int *count = (int *)calloc(sizeof(int), (size - 2));\n  int i;\n  printf(\" Repeating elements are \");\n  for(i = 0; i < size; i++)\n  { \n    if(count[arr[i]] == 1)\n      printf(\" %d \", arr[i]);\n    else\n     count[arr[i]]++;\n  }   \n}    ", "comment": "/*Function*/", "problem_desc": "Find the two repeating elements in a given array", "snippet": "void printRepeating(int arr[], int size)\n{\n int *count = (int *)calloc(sizeof(int), (size - 2));\n int i;\n printf(\" Repeating elements are \");\n for(i = 0; i < size; i++)\n { \nif(count[arr[i]] == 1)\nprintf(\" %d \", arr[i]);\nelse\ncount[arr[i]]++;\n } \n}", "tokens": ["void", "printRepeating", "(", "int", "arr", "[", "]", ",", "int", "size", ")", "{", "int", "*", "count", "=", "(", "int", "*", ")", "calloc", "(", "sizeof", "(", "int", ")", ",", "(", "size", "-", "2", ")", ")", ";", "int", "i", ";", "printf", "(", "\" \u2581 Repeating \u2581 elements \u2581 are \u2581 \"", ")", ";", "for", "(", "i", "=", "0", ";", "i", "<", "size", ";", "i", "++", ")", "{", "if", "(", "count", "[", "arr", "[", "i", "]", "]", "==", "1", ")", "printf", "(", "\" \u2581 % d \u2581 \"", ",", "arr", "[", "i", "]", ")", ";", "else", "count", "[", "arr", "[", "i", "]", "]", "++", ";", "}", "}"], "comment_tokens": ["Function"], "desc_tokens": ["Find", "the", "two", "repeating", "elements", "in", "a", "given", "array"]}
