{"idx": "1704-C-7", "code": "\n\n  for(i = 0; i < size; i++)\n  {\n    S = S + arr[i];\n    P = P*arr[i];\n  }       \n", "comment": "/* Calculate Sum and Product of all elements in arr[] */", "problem_desc": "Find the two repeating elements in a given array", "snippet": " for(i = 0; i < size; i++)\n {\nS = S + arr[i];\nP = P*arr[i];\n }", "tokens": ["for", "(", "i", "=", "0", ";", "i", "<", "size", ";", "i", "++", ")", "{", "S", "=", "S", "+", "arr", "[", "i", "]", ";", "P", "=", "P", "*", "arr", "[", "i", "]", ";", "}"], "comment_tokens": ["Calculate", "Sum", "and", "Product", "of", "all", "elements", "in", "arr", "[", "]"], "desc_tokens": ["Find", "the", "two", "repeating", "elements", "in", "a", "given", "array"]}
