{"idx": "1704-C-11", "code": "\n\nint fact(int n)\n{\n   return (n == 0)? 1 : n*fact(n-1);\n}   ", "comment": "/*factorial of n*/", "problem_desc": "Find the two repeating elements in a given array", "snippet": "int fact(int n)\n{\n return (n == 0)? 1 : n*fact(n-1);\n} ", "tokens": ["int", "fact", "(", "int", "n", ")", "{", "return", "(", "n", "==", "0", ")", "?", "1", ":", "n", "*", "fact", "(", "n", "-", "1", ")", ";", "}"], "comment_tokens": ["factorial", "of", "n"], "desc_tokens": ["Find", "the", "two", "repeating", "elements", "in", "a", "given", "array"]}
