{"idx": "1704-C-2", "code": "\n\nint fact(int n);\nvoid printRepeating(int arr[], int size)\n{\n", "comment": "/* printRepeating function */", "problem_desc": "Find the two repeating elements in a given array", "snippet": "int fact(int n);\nvoid printRepeating(int arr[], int size)\n{", "tokens": ["int", "fact", "(", "int", "n", ")", ";", "void", "printRepeating", "(", "int", "arr", "[", "]", ",", "int", "size", ")", "{"], "comment_tokens": ["printRepeating", "function"], "desc_tokens": ["Find", "the", "two", "repeating", "elements", "in", "a", "given", "array"]}
