{"idx": "1705-C-6", "code": "\n\n  for(i = 0; i < size; i++)\n  {\n    if(arr[i] & set_bit_no)\n      x = x ^ arr[i]; ", "comment": "/* Now divide elements in two sets by comparing rightmost set\n bit of xor with bit at same position in each element. */", "problem_desc": "Find the two repeating elements in a given array", "snippet": " for(i = 0; i < size; i++)\n {\nif(arr[i] & set_bit_no)\nx = x ^ arr[i]; ", "tokens": ["for", "(", "i", "=", "0", ";", "i", "<", "size", ";", "i", "++", ")", "{", "if", "(", "arr", "[", "i", "]", "&", "set_bit_no", ")", "x", "=", "x", "^", "arr", "[", "i", "]", ";"], "comment_tokens": ["Now", "divide", "elements", "in", "two", "sets", "by", "comparing", "rightmost", "set", "bit", "of", "xor", "with", "bit", "at", "same", "position", "in", "each", "element", "."], "desc_tokens": ["Find", "the", "two", "repeating", "elements", "in", "a", "given", "array"]}
