{"idx": "1705-C-10", "code": "\n\n  }\n  printf(\"n The two repeating elements are %d & %d \", x, y);\n}    \n", "comment": "/*XOR of second set in arr[] and {1, 2, ...n } */", "problem_desc": "Find the two repeating elements in a given array", "snippet": " }\n printf(\"n The two repeating elements are %d & %d \", x, y);\n}", "tokens": ["}", "printf", "(", "\" n \u2581 The \u2581 two \u2581 repeating \u2581 elements \u2581 are \u2581 % d \u2581 & \u2581 % d \u2581 \"", ",", "x", ",", "y", ")", ";", "}"], "comment_tokens": ["XOR", "of", "second", "set", "in", "arr", "[", "]", "and", "{", "1", ",", "2", ",", "...", "n", "}"], "desc_tokens": ["Find", "the", "two", "repeating", "elements", "in", "a", "given", "array"]}
