{"idx": "1705-C-3", "code": "\n  int set_bit_no;  \n  int i;\n  int n = size - 2;\n  int x = 0, y = 0;\n  ", "comment": "/* Will have only single set bit of xor */", "problem_desc": "Find the two repeating elements in a given array", "snippet": " int set_bit_no; \n int i;\n int n = size - 2;\n int x = 0, y = 0;", "tokens": ["int", "set_bit_no", ";", "int", "i", ";", "int", "n", "=", "size", "-", "2", ";", "int", "x", "=", "0", ",", "y", "=", "0", ";"], "comment_tokens": ["Will", "have", "only", "single", "set", "bit", "of", "xor"], "desc_tokens": ["Find", "the", "two", "repeating", "elements", "in", "a", "given", "array"]}
