{"idx": "1705-C-8", "code": "\n\n  }\n  for(i = 1; i <= n; i++)\n  {\n    if(i & set_bit_no)\n      x = x ^ i; ", "comment": "/*XOR of second set in arr[] */", "problem_desc": "Find the two repeating elements in a given array", "snippet": " }\n for(i = 1; i <= n; i++)\n {\nif(i & set_bit_no)\nx = x ^ i; ", "tokens": ["}", "for", "(", "i", "=", "1", ";", "i", "<=", "n", ";", "i", "++", ")", "{", "if", "(", "i", "&", "set_bit_no", ")", "x", "=", "x", "^", "i", ";"], "comment_tokens": ["XOR", "of", "second", "set", "in", "arr", "[", "]"], "desc_tokens": ["Find", "the", "two", "repeating", "elements", "in", "a", "given", "array"]}
