{"idx": "1705-C-4", "code": "\n\n  for(i = 1; i < size; i++)\n    xor ^= arr[i]; \n  for(i = 1; i <= n; i++)\n    xor ^= i;  \n  ", "comment": "/* Get the xor of all elements in arr[] and {1, 2 .. n} */", "problem_desc": "Find the two repeating elements in a given array", "snippet": " for(i = 1; i < size; i++)\nxor ^= arr[i]; \n for(i = 1; i <= n; i++)\nxor ^= i; ", "tokens": ["for", "(", "i", "=", "1", ";", "i", "<", "size", ";", "i", "++", ")", "xor", "^=", "arr", "[", "i", "]", ";", "for", "(", "i", "=", "1", ";", "i", "<=", "n", ";", "i", "++", ")", "xor", "^=", "i", ";"], "comment_tokens": ["Get", "the", "xor", "of", "all", "elements", "in", "arr", "[", "]", "and", "{", "1", ",", "2", ".", ".", "n", "}"], "desc_tokens": ["Find", "the", "two", "repeating", "elements", "in", "a", "given", "array"]}
