{"idx": "1705-C-1", "code": "\n\nvoid printRepeating(int arr[], int size)\n{\n", "comment": "/*C code to Find the\ntwo repeating elements\nin a given array*/", "problem_desc": "Find the two repeating elements in a given array", "snippet": "void printRepeating(int arr[], int size)\n{", "tokens": ["void", "printRepeating", "(", "int", "arr", "[", "]", ",", "int", "size", ")", "{"], "comment_tokens": ["C", "code", "to", "Find", "the", "two", "repeating", "elements", "in", "a", "given", "array"], "desc_tokens": ["Find", "the", "two", "repeating", "elements", "in", "a", "given", "array"]}
