{"idx": "1706-C-2", "code": "\n\nvoid printRepeating(int arr[], int size)\n{\n  int i; \n  printf(\"\\n The repeating elements are\");\n  for(i = 0; i < size; i++)\n  {\n    if(arr[abs(arr[i])] > 0)\n      arr[abs(arr[i])] = -arr[abs(arr[i])];\n    else\n      printf(\" %d \", abs(arr[i]));\n  }        \n}    \n", "comment": "/*Function to print repeating*/", "problem_desc": "Find the two repeating elements in a given array", "snippet": "void printRepeating(int arr[], int size)\n{\n int i; \n printf(\"\\n The repeating elements are\");\n for(i = 0; i < size; i++)\n {\nif(arr[abs(arr[i])] > 0)\narr[abs(arr[i])] = -arr[abs(arr[i])];\nelse\nprintf(\" %d \", abs(arr[i]));\n }\n}", "tokens": ["void", "printRepeating", "(", "int", "arr", "[", "]", ",", "int", "size", ")", "{", "int", "i", ";", "printf", "(", "\"", "The", "repeating", "elements", "are", "\"", "for", "(", "i", "=", "0", ";", "i", "<", "size", ";", "i", "++", ")", "{", "if", "(", "arr", "[", "abs", "(", "arr", "[", "i", "]", ")", "]", ">", "0", ")", "arr", "[", "abs", "(", "arr", "[", "i", "]", ")", "]", "=", "-", "arr", "[", "abs", "(", "arr", "[", "i", "]", ")", "]", ";", "else", "printf", "(", "\" \u2581 % d \u2581 \"", ",", "abs", "(", "arr", "[", "i", "]", ")", ")", ";", "}", "}"], "comment_tokens": ["Function", "to", "print", "repeating"], "desc_tokens": ["Find", "the", "two", "repeating", "elements", "in", "a", "given", "array"]}
