{"idx": "1707-C-3", "code": "\n\nint main()\n{\n    int arr[] = {-10, -1, 0, 3, 10, 11, 30, 50, 100};\n    int n = sizeof(arr)/sizeof(arr[0]);\n    printf(\"Fixed Point is %d\", linearSearch(arr, n));\n    getchar();\n    return 0;\n}", "comment": "/* Driver program to check above functions */", "problem_desc": "Find a Fixed Point (Value equal to index) in a given array", "snippet": "int main()\n{\nint arr[] = {-10, -1, 0, 3, 10, 11, 30, 50, 100};\nint n = sizeof(arr)/sizeof(arr[0]);\nprintf(\"Fixed Point is %d\", linearSearch(arr, n));\ngetchar();\nreturn 0;\n}", "tokens": ["int", "main", "(", ")", "{", "int", "arr", "[", "]", "=", "{", "-10", ",", "-1", ",", "0", ",", "3", ",", "10", ",", "11", ",", "30", ",", "50", ",", "100", "}", ";", "int", "n", "=", "sizeof", "(", "arr", ")", "/", "sizeof", "(", "arr", "[", "0", "]", ")", ";", "printf", "(", "\" Fixed \u2581 Point \u2581 is \u2581 % d \"", ",", "linearSearch", "(", "arr", ",", "n", ")", ")", ";", "getchar", "(", ")", ";", "return", "0", ";", "}"], "comment_tokens": ["Driver", "program", "to", "check", "above", "functions"], "desc_tokens": ["Find", "a", "Fixed", "Point", "(", "Value", "equal", "to", "index", ")", "in", "a", "given", "array"]}
