{"idx": "1707-C-1", "code": "\n\n#include<stdio.h>\nint linearSearch(int arr[], int n)\n{\n    int i;\n    for(i = 0; i < n; i++)\n    {\n        if(arr[i] == i)\n            return i;\n    }\n    ", "comment": "/*C program to check fixed point\nin an array using linear search*/", "problem_desc": "Find a Fixed Point (Value equal to index) in a given array", "snippet": "#include<stdio.h>\nint linearSearch(int arr[], int n)\n{\nint i;\nfor(i = 0; i < n; i++)\n{\nif(arr[i] == i)\nreturn i;\n}", "tokens": ["#include", "<stdio.h>", "NEW_LINE", "int", "linearSearch", "(", "int", "arr", "[", "]", ",", "int", "n", ")", "{", "int", "i", ";", "for", "(", "i", "=", "0", ";", "i", "<", "n", ";", "i", "++", ")", "{", "if", "(", "arr", "[", "i", "]", "==", "i", ")", "return", "i", ";", "}"], "comment_tokens": ["C", "program", "to", "check", "fixed", "point", "in", "an", "array", "using", "linear", "search"], "desc_tokens": ["Find", "a", "Fixed", "Point", "(", "Value", "equal", "to", "index", ")", "in", "a", "given", "array"]}
