{"idx": "1708-C-1", "code": "\n\n#include<stdio.h>\nint binarySearch(int arr[], int low, int high)\n{\n    if(high >= low)\n    {\n        int mid = (low + high)/2;  ", "comment": "/*C program to check fixed point\nin an array using binary search*/", "problem_desc": "Find a Fixed Point (Value equal to index) in a given array", "snippet": "#include<stdio.h>\nint binarySearch(int arr[], int low, int high)\n{\nif(high >= low)\n{\nint mid = (low + high)/2; ", "tokens": ["#include", "<stdio.h>", "NEW_LINE", "int", "binarySearch", "(", "int", "arr", "[", "]", ",", "int", "low", ",", "int", "high", ")", "{", "if", "(", "high", ">=", "low", ")", "{", "int", "mid", "=", "(", "low", "+", "high", ")", "/", "2", ";"], "comment_tokens": ["C", "program", "to", "check", "fixed", "point", "in", "an", "array", "using", "binary", "search"], "desc_tokens": ["Find", "a", "Fixed", "Point", "(", "Value", "equal", "to", "index", ")", "in", "a", "given", "array"]}
