{"idx": "1709-C-2", "code": "\n\nint subArraySum(int arr[], int n, int sum)\n{\n    int curr_sum, i, j;\n", "comment": "/* Returns true if the there is a subarray\nof arr[] with a sum equal to 'sum'\n otherwise returns false. Also, prints\nthe result */", "problem_desc": "Find subarray with given sum | Set 1 (Nonnegative Numbers)", "snippet": "int subArraySum(int arr[], int n, int sum)\n{\nint curr_sum, i, j;", "tokens": ["int", "subArraySum", "(", "int", "arr", "[", "]", ",", "int", "n", ",", "int", "sum", ")", "{", "int", "curr_sum", ",", "i", ",", "j", ";"], "comment_tokens": ["Returns", "true", "if", "the", "there", "is", "a", "subarray", "of", "arr", "[", "]", "with", "a", "sum", "equal", "to", "' sum '", "otherwise", "returns", "false", ".", "Also", ",", "prints", "the", "result"], "desc_tokens": ["Find", "subarray", "with", "given", "sum", "|", "Set", "1", "(", "Nonnegative", "Numbers", ")"]}
