{"idx": "1709-C-4", "code": "\n\n        for (j = i + 1; j <= n; j++) {\n            if (curr_sum == sum) {\n                printf(\n                    \"Sum found between indexes %d and %d\",\n                    i, j - 1);\n                return 1;\n            }\n            if (curr_sum > sum || j == n)\n                break;\n            curr_sum = curr_sum + arr[j];\n        }\n    }\n    printf(\"No subarray found\");\n    return 0;\n}\n", "comment": "/* try all subarrays starting with 'i'*/", "problem_desc": "Find subarray with given sum | Set 1 (Nonnegative Numbers)", "snippet": "for (j = i + 1; j <= n; j++) {\nif (curr_sum == sum) {\nprintf( \"Sum found between indexes %d and %d\", i, j - 1);\nreturn 1;\n}\nif (curr_sum > sum j == n)\nbreak;\ncurr_sum = curr_sum + arr[j];\n}\n}\nprintf(\"No subarray found\");\nreturn 0;\n}", "tokens": ["for", "(", "j", "=", "i", "+", "1", ";", "j", "<=", "n", ";", "j", "++", ")", "{", "if", "(", "curr_sum", "==", "sum", ")", "{", "printf", "(", "\" Sum \u2581 found \u2581 between \u2581 indexes \u2581 % d \u2581 and \u2581 % d \"", ",", "i", ",", "j", "-", "1", ")", ";", "return", "1", ";", "}", "if", "(", "curr_sum", ">", "sum", "j", "==", "n", ")", "break", ";", "curr_sum", "=", "curr_sum", "+", "arr", "[", "j", "]", ";", "}", "}", "printf", "(", "\" No \u2581 subarray \u2581 found \"", ")", ";", "return", "0", ";", "}"], "comment_tokens": ["try", "all", "subarrays", "starting", "with", "' i '"], "desc_tokens": ["Find", "subarray", "with", "given", "sum", "|", "Set", "1", "(", "Nonnegative", "Numbers", ")"]}
