{"idx": "1709-C-3", "code": "\n\n    for (i = 0; i < n; i++) {\n        curr_sum = arr[i];\n", "comment": "/* Pick a starting point*/", "problem_desc": "Find subarray with given sum | Set 1 (Nonnegative Numbers)", "snippet": "for (i = 0; i < n; i++) {\ncurr_sum = arr[i];", "tokens": ["for", "(", "i", "=", "0", ";", "i", "<", "n", ";", "i", "++", ")", "{", "curr_sum", "=", "arr", "[", "i", "]", ";"], "comment_tokens": ["Pick", "a", "starting", "point"], "desc_tokens": ["Find", "subarray", "with", "given", "sum", "|", "Set", "1", "(", "Nonnegative", "Numbers", ")"]}
