{"idx": "1710-C-9", "code": "\n\nint main()\n{\n    int arr[] = { 15, 2, 4, 8, 9, 5, 10, 23 };\n    int n = sizeof(arr) / sizeof(arr[0]);\n    int sum = 23;\n    subArraySum(arr, n, sum);\n    return 0;\n}", "comment": "/*Driver program to test above function*/", "problem_desc": "Find subarray with given sum | Set 1 (Nonnegative Numbers)", "snippet": "int main()\n{\nint arr[] = { 15, 2, 4, 8, 9, 5, 10, 23 };\nint n = sizeof(arr) / sizeof(arr[0]);\nint sum = 23;\nsubArraySum(arr, n, sum);\nreturn 0;\n}", "tokens": ["int", "main", "(", ")", "{", "int", "arr", "[", "]", "=", "{", "15", ",", "2", ",", "4", ",", "8", ",", "9", ",", "5", ",", "10", ",", "23", "}", ";", "int", "n", "=", "sizeof", "(", "arr", ")", "/", "sizeof", "(", "arr", "[", "0", "]", ")", ";", "int", "sum", "=", "23", ";", "subArraySum", "(", "arr", ",", "n", ",", "sum", ")", ";", "return", "0", ";", "}"], "comment_tokens": ["Driver", "program", "to", "test", "above", "function"], "desc_tokens": ["Find", "subarray", "with", "given", "sum", "|", "Set", "1", "(", "Nonnegative", "Numbers", ")"]}
