{"idx": "1710-C-4", "code": "\n\n    for (i = 1; i <= n; i++) {\n", "comment": "/* Add elements one by one to\ncurr_sum and if the curr_sum\n exceeds the sum, then remove\nstarting element */", "problem_desc": "Find subarray with given sum | Set 1 (Nonnegative Numbers)", "snippet": "for (i = 1; i <= n; i++) {", "tokens": ["for", "(", "i", "=", "1", ";", "i", "<=", "n", ";", "i", "++", ")", "{"], "comment_tokens": ["Add", "elements", "one", "by", "one", "to", "curr_sum", "and", "if", "the", "curr_sum", "exceeds", "the", "sum", ",", "then", "remove", "starting", "element"], "desc_tokens": ["Find", "subarray", "with", "given", "sum", "|", "Set", "1", "(", "Nonnegative", "Numbers", ")"]}
