{"idx": "1710-C-3", "code": "\n\n    int curr_sum = arr[0], start = 0, i;\n    ", "comment": "/* Initialize curr_sum as\n value of first element and\nstarting point as 0 */", "problem_desc": "Find subarray with given sum | Set 1 (Nonnegative Numbers)", "snippet": "int curr_sum = arr[0], start = 0, i;", "tokens": ["int", "curr_sum", "=", "arr", "[", "0", "]", ",", "start", "=", "0", ",", "i", ";"], "comment_tokens": ["Initialize", "curr_sum", "as", "value", "of", "first", "element", "and", "starting", "point", "as", "0"], "desc_tokens": ["Find", "subarray", "with", "given", "sum", "|", "Set", "1", "(", "Nonnegative", "Numbers", ")"]}
