{"idx": "1710-C-6", "code": "\n\n        if (curr_sum == sum) {\n            printf(\n                \"Sum found between indexes %d and %d\",\n                start, i - 1);\n            return 1;\n        }\n", "comment": "/* If curr_sum becomes equal to sum,\n then return true*/", "problem_desc": "Find subarray with given sum | Set 1 (Nonnegative Numbers)", "snippet": "if (curr_sum == sum) {\nprintf( \"Sum found between indexes %d and %d\", start, i - 1);\nreturn 1;\n}", "tokens": ["if", "(", "curr_sum", "==", "sum", ")", "{", "printf", "(", "\" Sum \u2581 found \u2581 between \u2581 indexes \u2581 % d \u2581 and \u2581 % d \"", ",", "start", ",", "i", "-", "1", ")", ";", "return", "1", ";", "}"], "comment_tokens": ["If", "curr_sum", "becomes", "equal", "to", "sum", ",", "then", "return", "true"], "desc_tokens": ["Find", "subarray", "with", "given", "sum", "|", "Set", "1", "(", "Nonnegative", "Numbers", ")"]}
