{"idx": "1710-C-7", "code": "\n\n        if (i < n)\n            curr_sum = curr_sum + arr[i];\n    }\n", "comment": "/* Add this element to curr_sum*/", "problem_desc": "Find subarray with given sum | Set 1 (Nonnegative Numbers)", "snippet": "if (i < n)\ncurr_sum = curr_sum + arr[i];\n}", "tokens": ["if", "(", "i", "<", "n", ")", "curr_sum", "=", "curr_sum", "+", "arr", "[", "i", "]", ";", "}"], "comment_tokens": ["Add", "this", "element", "to", "curr_sum"], "desc_tokens": ["Find", "subarray", "with", "given", "sum", "|", "Set", "1", "(", "Nonnegative", "Numbers", ")"]}
