{"idx": "1710-C-8", "code": "\n\n    printf(\"No subarray found\");\n    return 0;\n}\n", "comment": "/* If we reach here, then no subarray*/", "problem_desc": "Find subarray with given sum | Set 1 (Nonnegative Numbers)", "snippet": "printf(\"No subarray found\");\nreturn 0;\n}", "tokens": ["printf", "(", "\" No \u2581 subarray \u2581 found \"", ")", ";", "return", "0", ";", "}"], "comment_tokens": ["If", "we", "reach", "here", ",", "then", "no", "subarray"], "desc_tokens": ["Find", "subarray", "with", "given", "sum", "|", "Set", "1", "(", "Nonnegative", "Numbers", ")"]}
