{"idx": "1715-C-4", "code": "\n\n        for (int j = i + 1; j < arr_size - 1; j++) {\n", "comment": "/* Fix the second element as A[j]*/", "problem_desc": "Find a triplet that sum to a given value", "snippet": "for (int j = i + 1; j < arr_size - 1; j++) {", "tokens": ["for", "(", "int", "j", "=", "i", "+", "1", ";", "j", "<", "arr_size", "-", "1", ";", "j", "++", ")", "{"], "comment_tokens": ["Fix", "the", "second", "element", "as", "A", "[", "j", "]"], "desc_tokens": ["Find", "a", "triplet", "that", "sum", "to", "a", "given", "value"]}
