{"idx": "1715-C-7", "code": "\n\nint main()\n{\n    int A[] = { 1, 4, 45, 6, 10, 8 };\n    int sum = 22;\n    int arr_size = sizeof(A) / sizeof(A[0]);\n    find3Numbers(A, arr_size, sum);\n    return 0;\n}", "comment": "/* Driver program to test above function */", "problem_desc": "Find a triplet that sum to a given value", "snippet": "int main()\n{\nint A[] = { 1, 4, 45, 6, 10, 8 };\nint sum = 22;\nint arr_size = sizeof(A) / sizeof(A[0]);\nfind3Numbers(A, arr_size, sum);\nreturn 0;\n}", "tokens": ["int", "main", "(", ")", "{", "int", "A", "[", "]", "=", "{", "1", ",", "4", ",", "45", ",", "6", ",", "10", ",", "8", "}", ";", "int", "sum", "=", "22", ";", "int", "arr_size", "=", "sizeof", "(", "A", ")", "/", "sizeof", "(", "A", "[", "0", "]", ")", ";", "find3Numbers", "(", "A", ",", "arr_size", ",", "sum", ")", ";", "return", "0", ";", "}"], "comment_tokens": ["Driver", "program", "to", "test", "above", "function"], "desc_tokens": ["Find", "a", "triplet", "that", "sum", "to", "a", "given", "value"]}
