{"idx": "1715-C-2", "code": "\n\nbool find3Numbers(int A[], int arr_size, int sum)\n{\n    int l, r;\n", "comment": "/*returns true if there is triplet with sum equal\nto 'sum' present in A[]. Also, prints the triplet*/", "problem_desc": "Find a triplet that sum to a given value", "snippet": "bool find3Numbers(int A[], int arr_size, int sum)\n{\nint l, r;", "tokens": ["bool", "find3Numbers", "(", "int", "A", "[", "]", ",", "int", "arr_size", ",", "int", "sum", ")", "{", "int", "l", ",", "r", ";"], "comment_tokens": ["returns", "true", "if", "there", "is", "triplet", "with", "sum", "equal", "to", "' sum '", "present", "in", "A", "[", "]", ".", "Also", ",", "prints", "the", "triplet"], "desc_tokens": ["Find", "a", "triplet", "that", "sum", "to", "a", "given", "value"]}
