{"idx": "1715-C-5", "code": "\n\n            for (int k = j + 1; k < arr_size; k++) {\n                if (A[i] + A[j] + A[k] == sum) {\n                    printf(\"Triplet is %d, %d, %d\",\n                           A[i], A[j], A[k]);\n                    return true;\n                }\n            }\n        }\n    }\n", "comment": "/* Now look for the third number*/", "problem_desc": "Find a triplet that sum to a given value", "snippet": "for (int k = j + 1; k < arr_size; k++) {\nif (A[i] + A[j] + A[k] == sum) {\nprintf(\"Triplet is %d, %d, %d\", A[i], A[j], A[k]);\nreturn true;\n}\n}\n}\n}", "tokens": ["for", "(", "int", "k", "=", "j", "+", "1", ";", "k", "<", "arr_size", ";", "k", "++", ")", "{", "if", "(", "A", "[", "i", "]", "+", "A", "[", "j", "]", "+", "A", "[", "k", "]", "==", "sum", ")", "{", "printf", "(", "\" Triplet \u2581 is \u2581 % d , \u2581 % d , \u2581 % d \"", ",", "A", "[", "i", "]", ",", "A", "[", "j", "]", ",", "A", "[", "k", "]", ")", ";", "return", "true", ";", "}", "}", "}", "}"], "comment_tokens": ["Now", "look", "for", "the", "third", "number"], "desc_tokens": ["Find", "a", "triplet", "that", "sum", "to", "a", "given", "value"]}
