{"idx": "1715-C-3", "code": "\n\n    for (int i = 0; i < arr_size - 2; i++) {\n", "comment": "/* Fix the first element as A[i]*/", "problem_desc": "Find a triplet that sum to a given value", "snippet": "for (int i = 0; i < arr_size - 2; i++) {", "tokens": ["for", "(", "int", "i", "=", "0", ";", "i", "<", "arr_size", "-", "2", ";", "i", "++", ")", "{"], "comment_tokens": ["Fix", "the", "first", "element", "as", "A", "[", "i", "]"], "desc_tokens": ["Find", "a", "triplet", "that", "sum", "to", "a", "given", "value"]}
