{"idx": "1786-C-1", "code": "\n\n#include <stdio.h>\nint search(int arr[], int n, int x)\n{\n    int i;\n    for (i = 0; i < n; i++)\n        if (arr[i] == x)\n            return i;\n    return -1;\n}\n", "comment": "/*C code to linearly search x in arr[]. If x\nis present then return its location, otherwise\nreturn -1*/", "problem_desc": "Linear Search", "snippet": "#include <stdio.h>\nint search(int arr[], int n, int x)\n{\nint i;\nfor (i = 0; i < n; i++)\nif (arr[i] == x)\nreturn i;\nreturn -1;\n}", "tokens": ["#include", "<stdio.h>", "NEW_LINE", "int", "search", "(", "int", "arr", "[", "]", ",", "int", "n", ",", "int", "x", ")", "{", "int", "i", ";", "for", "(", "i", "=", "0", ";", "i", "<", "n", ";", "i", "++", ")", "if", "(", "arr", "[", "i", "]", "==", "x", ")", "return", "i", ";", "return", "-1", ";", "}"], "comment_tokens": ["C", "code", "to", "linearly", "search", "x", "in", "arr", "[", "]", ".", "If", "x", "is", "present", "then", "return", "its", "location", ",", "otherwise", "return", "-", "1"], "desc_tokens": ["Linear", "Search"]}
