{"idx": "1786-C-3", "code": "\n\n    int result = search(arr, n, x);\n    (result == -1)\n        ? printf(\"Element is not present in array\")\n        : printf(\"Element is present at index %d\", result);\n    return 0;\n}", "comment": "/* Function call*/", "problem_desc": "Linear Search", "snippet": "int result = search(arr, n, x);\n(result == -1)\n? printf(\"Element is not present in array\")\n: printf(\"Element is present at index %d\", result);\nreturn 0;\n}", "tokens": ["int", "result", "=", "search", "(", "arr", ",", "n", ",", "x", ")", ";", "(", "result", "==", "-1", ")", "?", "printf", "(", "\" Element \u2581 is \u2581 not \u2581 present \u2581 in \u2581 array \"", ")", ":", "printf", "(", "\" Element \u2581 is \u2581 present \u2581 at \u2581 index \u2581 % d \"", ",", "result", ")", ";", "return", "0", ";", "}"], "comment_tokens": ["Function", "call"], "desc_tokens": ["Linear", "Search"]}
