{"idx": "1786-C-2", "code": "\n\nint main(void)\n{\n    int arr[] = { 2, 3, 4, 10, 40 };\n    int x = 10;\n    int n = sizeof(arr) / sizeof(arr[0]);\n", "comment": "/*Driver code*/", "problem_desc": "Linear Search", "snippet": "int main(void)\n{\nint arr[] = { 2, 3, 4, 10, 40 };\nint x = 10;\nint n = sizeof(arr) / sizeof(arr[0]);", "tokens": ["int", "main", "(", "void", ")", "{", "int", "arr", "[", "]", "=", "{", "2", ",", "3", ",", "4", ",", "10", ",", "40", "}", ";", "int", "x", "=", "10", ";", "int", "n", "=", "sizeof", "(", "arr", ")", "/", "sizeof", "(", "arr", "[", "0", "]", ")", ";"], "comment_tokens": ["Driver", "code"], "desc_tokens": ["Linear", "Search"]}
