{"idx": "1788-C-7", "code": "\n\nint main(void)\n{\n    int arr[] = { 2, 3, 4, 10, 40 };\n    int n = sizeof(arr) / sizeof(arr[0]);\n    int x = 10;\n    int result = binarySearch(arr, 0, n - 1, x);\n    (result == -1) ? printf(\"Element is not present in array\")\n                   : printf(\"Element is present at index %d\",\n                            result);\n    return 0;\n}", "comment": "/* Driver method to test above*/", "problem_desc": "Binary Search", "snippet": "int main(void)\n{\nint arr[] = { 2, 3, 4, 10, 40 };\nint n = sizeof(arr) / sizeof(arr[0]);\nint x = 10;\nint result = binarySearch(arr, 0, n - 1, x);\n(result == -1) ? printf(\"Element is not present in array\")\n: printf(\"Element is present at index %d\", result);\nreturn 0;\n}", "tokens": ["int", "main", "(", "void", ")", "{", "int", "arr", "[", "]", "=", "{", "2", ",", "3", ",", "4", ",", "10", ",", "40", "}", ";", "int", "n", "=", "sizeof", "(", "arr", ")", "/", "sizeof", "(", "arr", "[", "0", "]", ")", ";", "int", "x", "=", "10", ";", "int", "result", "=", "binarySearch", "(", "arr", ",", "0", ",", "n", "-", "1", ",", "x", ")", ";", "(", "result", "==", "-1", ")", "?", "printf", "(", "\" Element \u2581 is \u2581 not \u2581 present \u2581 in \u2581 array \"", ")", ":", "printf", "(", "\" Element \u2581 is \u2581 present \u2581 at \u2581 index \u2581 % d \"", ",", "result", ")", ";", "return", "0", ";", "}"], "comment_tokens": ["Driver", "method", "to", "test", "above"], "desc_tokens": ["Binary", "Search"]}
