{"idx": "1788-C-5", "code": "\n\n        return binarySearch(arr, mid + 1, r, x);\n    }\n", "comment": "/* Else the element can only be present\n in right subarray*/", "problem_desc": "Binary Search", "snippet": "return binarySearch(arr, mid + 1, r, x);\n}", "tokens": ["return", "binarySearch", "(", "arr", ",", "mid", "+", "1", ",", "r", ",", "x", ")", ";", "}"], "comment_tokens": ["Else", "the", "element", "can", "only", "be", "present", "in", "right", "subarray"], "desc_tokens": ["Binary", "Search"]}
