{"idx": "1788-C-2", "code": "\n\nint binarySearch(int arr[], int l, int r, int x)\n{\n    if (r >= l) {\n        int mid = l + (r - l) / 2;\n", "comment": "/*A recursive binary search function. It returns\nlocation of x in given array arr[l..r] is present,\notherwise -1*/", "problem_desc": "Binary Search", "snippet": "int binarySearch(int arr[], int l, int r, int x)\n{\nif (r >= l) {\nint mid = l + (r - l) / 2;", "tokens": ["int", "binarySearch", "(", "int", "arr", "[", "]", ",", "int", "l", ",", "int", "r", ",", "int", "x", ")", "{", "if", "(", "r", ">=", "l", ")", "{", "int", "mid", "=", "l", "+", "(", "r", "-", "l", ")", "/", "2", ";"], "comment_tokens": ["A", "recursive", "binary", "search", "function", ".", "It", "returns", "location", "of", "x", "in", "given", "array", "arr", "[", "l", ".", ".", "r", "]", "is", "present", ",", "otherwise", "-", "1"], "desc_tokens": ["Binary", "Search"]}
