{"idx": "1788-C-4", "code": "\n\n        if (arr[mid] > x)\n            return binarySearch(arr, l, mid - 1, x);\n", "comment": "/* If element is smaller than mid, then\n it can only be present in left subarray*/", "problem_desc": "Binary Search", "snippet": "if (arr[mid] > x)\nreturn binarySearch(arr, l, mid - 1, x);", "tokens": ["if", "(", "arr", "[", "mid", "]", ">", "x", ")", "return", "binarySearch", "(", "arr", ",", "l", ",", "mid", "-", "1", ",", "x", ")", ";"], "comment_tokens": ["If", "element", "is", "smaller", "than", "mid", ",", "then", "it", "can", "only", "be", "present", "in", "left", "subarray"], "desc_tokens": ["Binary", "Search"]}
