{"idx": "1802-C-9", "code": "\n\nint main()\n{\nchar arr[] = \"geeksforgeeks\"; \n    countSort(arr);\n    printf(\"Sorted character array is %sn\", arr);\n    return 0;\n}", "comment": "/*Driver program to test above function*/", "problem_desc": "Counting Sort", "snippet": "int main()\n{\nchar arr[] = \"geeksforgeeks\"; \ncountSort(arr);\nprintf(\"Sorted character array is %sn\", arr);\nreturn 0;\n}", "tokens": ["int", "main", "(", ")", "{", "char", "arr", "[", "]", "=", "\" geeksforgeeks \"", ";", "countSort", "(", "arr", ")", ";", "printf", "(", "\" Sorted \u2581 character \u2581 array \u2581 is \u2581 % sn \"", ",", "arr", ")", ";", "return", "0", ";", "}"], "comment_tokens": ["Driver", "program", "to", "test", "above", "function"], "desc_tokens": ["Counting", "Sort"]}
