{"idx": "1802-C-6", "code": "\n\n    for (i = 1; i <= RANGE; ++i)\n        count[i] += count[i - 1];\n", "comment": "/* Change count[i] so that count[i] now contains actual\n position of this character in output array*/", "problem_desc": "Counting Sort", "snippet": "for (i = 1; i <= RANGE; ++i)\ncount[i] += count[i - 1];", "tokens": ["for", "(", "i", "=", "1", ";", "i", "<=", "RANGE", ";", "++", "i", ")", "count", "[", "i", "]", "+=", "count", "[", "i", "-", "1", "]", ";"], "comment_tokens": ["Change", "count", "[", "i", "]", "so", "that", "count", "[", "i", "]", "now", "contains", "actual", "position", "of", "this", "character", "in", "output", "array"], "desc_tokens": ["Counting", "Sort"]}
