{"idx": "1802-C-8", "code": "\n\n    for (i = 0; arr[i]; ++i)\n        arr[i] = output[i];\n}\n", "comment": "/* Copy the output array to arr, so that arr now\n contains sorted characters*/", "problem_desc": "Counting Sort", "snippet": "for (i = 0; arr[i]; ++i)\narr[i] = output[i];\n}", "tokens": ["for", "(", "i", "=", "0", ";", "arr", "[", "i", "]", ";", "++", "i", ")", "arr", "[", "i", "]", "=", "output", "[", "i", "]", ";", "}"], "comment_tokens": ["Copy", "the", "output", "array", "to", "arr", ",", "so", "that", "arr", "now", "contains", "sorted", "characters"], "desc_tokens": ["Counting", "Sort"]}
