{"idx": "1802-C-4", "code": "\n\n    int count[RANGE + 1], i;\n    memset(count, 0, sizeof(count));\n", "comment": "/* Create a count array to store count of inidividul\n characters and initialize count array as 0*/", "problem_desc": "Counting Sort", "snippet": "int count[RANGE + 1], i;\nmemset(count, 0, sizeof(count));", "tokens": ["int", "count", "[", "RANGE", "+", "1", "]", ",", "i", ";", "memset", "(", "count", ",", "0", ",", "sizeof", "(", "count", ")", ")", ";"], "comment_tokens": ["Create", "a", "count", "array", "to", "store", "count", "of", "inidividul", "characters", "and", "initialize", "count", "array", "as", "0"], "desc_tokens": ["Counting", "Sort"]}
