{"idx": "1824-C-6", "code": "\n\nint main()\n{\n    int s[] =  {1, 3, 0, 5, 8, 5};\n    int f[] =  {2, 4, 6, 7, 9, 9};\n    int n = sizeof(s)/sizeof(s[0]);\n    printMaxActivities(s, f, n);\n    return 0;\n}", "comment": "/*driver program to test above function*/", "problem_desc": "Activity Selection Problem | Greedy Algo", "snippet": "int main()\n{\nint s[] = {1, 3, 0, 5, 8, 5};\nint f[] = {2, 4, 6, 7, 9, 9};\nint n = sizeof(s)/sizeof(s[0]);\nprintMaxActivities(s, f, n);\nreturn 0;\n}", "tokens": ["int", "main", "(", ")", "{", "int", "s", "[", "]", "=", "{", "1", ",", "3", ",", "0", ",", "5", ",", "8", ",", "5", "}", ";", "int", "f", "[", "]", "=", "{", "2", ",", "4", ",", "6", ",", "7", ",", "9", ",", "9", "}", ";", "int", "n", "=", "sizeof", "(", "s", ")", "/", "sizeof", "(", "s", "[", "0", "]", ")", ";", "printMaxActivities", "(", "s", ",", "f", ",", "n", ")", ";", "return", "0", ";", "}"], "comment_tokens": ["driver", "program", "to", "test", "above", "function"], "desc_tokens": ["Activity", "Selection", "Problem", "|", "Greedy", "Algo"]}
