{"idx": "1824-C-5", "code": "\n\n      if (s[j] >= f[i])\n      {\n          printf (\"%d \", j);\n          i = j;\n      }\n    }\n}\n", "comment": "/* If this activity has start time greater than or\n equal to the finish time of previously selected\n activity, then select it*/", "problem_desc": "Activity Selection Problem | Greedy Algo", "snippet": "if (s[j] >= f[i])\n{\nprintf (\"%d \", j);\ni = j;\n}\n}\n}", "tokens": ["if", "(", "s", "[", "j", "]", ">=", "f", "[", "i", "]", ")", "{", "printf", "(", "\" % d \u2581 \"", ",", "j", ")", ";", "i", "=", "j", ";", "}", "}", "}"], "comment_tokens": ["If", "this", "activity", "has", "start", "time", "greater", "than", "or", "equal", "to", "the", "finish", "time", "of", "previously", "selected", "activity", ",", "then", "select", "it"], "desc_tokens": ["Activity", "Selection", "Problem", "|", "Greedy", "Algo"]}
