{"idx": "1824-C-2", "code": "\n\nvoid printMaxActivities(int s[], int f[], int n)\n{\n    int i, j;\n    printf (\"Following activities are selected n\");\n", "comment": "/*Prints a maximum set of activities that can be done by a single\nperson, one at a time.\n n --> Total number of activities\n s[] --> An array that contains start time of all activities\n f[] --> An array that contains finish time of all activities*/", "problem_desc": "Activity Selection Problem | Greedy Algo", "snippet": "void printMaxActivities(int s[], int f[], int n)\n{\nint i, j;\nprintf (\"Following activities are selected n\");", "tokens": ["void", "printMaxActivities", "(", "int", "s", "[", "]", ",", "int", "f", "[", "]", ",", "int", "n", ")", "{", "int", "i", ",", "j", ";", "printf", "(", "\" Following \u2581 activities \u2581 are \u2581 selected \u2581 n \"", ")", ";"], "comment_tokens": ["Prints", "a", "maximum", "set", "of", "activities", "that", "can", "be", "done", "by", "a", "single", "person", ",", "one", "at", "a", "time", ".", "n", "--", ">", "Total", "number", "of", "activities", "s", "[", "]", "--", ">", "An", "array", "that", "contains", "start", "time", "of", "all", "activities", "f", "[", "]", "--", ">", "An", "array", "that", "contains", "finish", "time", "of", "all", "activities"], "desc_tokens": ["Activity", "Selection", "Problem", "|", "Greedy", "Algo"]}
