{"idx": "1843-C-3", "code": "\n\nint minCost(int cost[R][C], int m, int n)\n{\n   if (n < 0 || m < 0)\n      return INT_MAX;\n   else if (m == 0 && n == 0)\n      return cost[m][n];\n   else\n      return cost[m][n] + min( minCost(cost, m-1, n-1),\n                               minCost(cost, m-1, n),\n                               minCost(cost, m, n-1) );\n}\n", "comment": "/* Returns cost of minimum cost path from (0,0) to (m, n) in mat[R][C]*/", "problem_desc": "Min Cost Path | DP", "snippet": "int minCost(int cost[R][C], int m, int n)\n{\n if (n < 0 m < 0)\nreturn INT_MAX;\n else if (m == 0 && n == 0)\nreturn cost[m][n];\n else\nreturn cost[m][n] + min( minCost(cost, m-1, n-1),\nminCost(cost, m-1, n),\nminCost(cost, m, n-1) );\n}", "tokens": ["int", "minCost", "(", "int", "cost", "[", "R", "]", "[", "C", "]", ",", "int", "m", ",", "int", "n", ")", "{", "if", "(", "n", "<", "0", "m", "<", "0", ")", "return", "INT_MAX", ";", "else", "if", "(", "m", "==", "0", "&&", "n", "==", "0", ")", "return", "cost", "[", "m", "]", "[", "n", "]", ";", "else", "return", "cost", "[", "m", "]", "[", "n", "]", "+", "min", "(", "minCost", "(", "cost", ",", "m", "-", "1", ",", "n", "-", "1", ")", ",", "minCost", "(", "cost", ",", "m", "-", "1", ",", "n", ")", ",", "minCost", "(", "cost", ",", "m", ",", "n", "-", "1", ")", ")", ";", "}"], "comment_tokens": ["Returns", "cost", "of", "minimum", "cost", "path", "from", "(", "0", ",", "0", ")", "to", "(", "m", ",", "n", ")", "in", "mat", "[", "R", "]", "[", "C", "]"], "desc_tokens": ["Min", "Cost", "Path", "|", "DP"]}
