{"idx": "1844-C-5", "code": "\n\n     for (i = 1; i <= m; i++)\n        for (j = 1; j <= n; j++)\n            tc[i][j] = min(tc[i-1][j-1],\n                           tc[i-1][j],\n                           tc[i][j-1]) + cost[i][j];\n     return tc[m][n];\n}\n", "comment": "/* Construct rest of the tc array */", "problem_desc": "Min Cost Path | DP", "snippet": "for (i = 1; i <= m; i++)\nfor (j = 1; j <= n; j++)\ntc[i][j] = min(tc[i-1][j-1], tc[i-1][j], tc[i][j-1]) + cost[i][j];\nreturn tc[m][n];\n}", "tokens": ["for", "(", "i", "=", "1", ";", "i", "<=", "m", ";", "i", "++", ")", "for", "(", "j", "=", "1", ";", "j", "<=", "n", ";", "j", "++", ")", "tc", "[", "i", "]", "[", "j", "]", "=", "min", "(", "tc", "[", "i", "-", "1", "]", "[", "j", "-", "1", "]", ",", "tc", "[", "i", "-", "1", "]", "[", "j", "]", ",", "tc", "[", "i", "]", "[", "j", "-", "1", "]", ")", "+", "cost", "[", "i", "]", "[", "j", "]", ";", "return", "tc", "[", "m", "]", "[", "n", "]", ";", "}"], "comment_tokens": ["Construct", "rest", "of", "the", "tc", "array"], "desc_tokens": ["Min", "Cost", "Path", "|", "DP"]}
