{"idx": "1844-C-7", "code": "\n\nint main()\n{\n   int cost[R][C] = { {1, 2, 3},\n                      {4, 8, 2},\n                      {1, 5, 3} };\n   printf(\" %d \", minCost(cost, 2, 2));\n   return 0;\n}", "comment": "/* Driver program to test above functions */", "problem_desc": "Min Cost Path | DP", "snippet": "int main()\n{\n int cost[R][C] = { {1, 2, 3},\n{4, 8, 2},\n{1, 5, 3} };\n printf(\" %d \", minCost(cost, 2, 2));\n return 0;\n}", "tokens": ["int", "main", "(", ")", "{", "int", "cost", "[", "R", "]", "[", "C", "]", "=", "{", "{", "1", ",", "2", ",", "3", "}", ",", "{", "4", ",", "8", ",", "2", "}", ",", "{", "1", ",", "5", ",", "3", "}", "}", ";", "printf", "(", "\" \u2581 % d \u2581 \"", ",", "minCost", "(", "cost", ",", "2", ",", "2", ")", ")", ";", "return", "0", ";", "}"], "comment_tokens": ["Driver", "program", "to", "test", "above", "functions"], "desc_tokens": ["Min", "Cost", "Path", "|", "DP"]}
