{"idx": "1844-C-2", "code": "\n\n     int tc[R][C]; \n     tc[0][0] = cost[0][0];\n     ", "comment": "/* Instead of following line, we can use int tc[m+1][n+1] or\n dynamically allocate memory to save space. The following line is\n used to keep the program simple and make it working on all compilers.*/", "problem_desc": "Min Cost Path | DP", "snippet": "int tc[R][C]; \ntc[0][0] = cost[0][0];", "tokens": ["int", "tc", "[", "R", "]", "[", "C", "]", ";", "tc", "[", "0", "]", "[", "0", "]", "=", "cost", "[", "0", "]", "[", "0", "]", ";"], "comment_tokens": ["Instead", "of", "following", "line", ",", "we", "can", "use", "int", "tc", "[", "m", "+", "1", "]", "[", "n", "+", "1", "]", "or", "dynamically", "allocate", "memory", "to", "save", "space", ".", "The", "following", "line", "is", "used", "to", "keep", "the", "program", "simple", "and", "make", "it", "working", "on", "all", "compilers", "."], "desc_tokens": ["Min", "Cost", "Path", "|", "DP"]}
