{"idx": "1844-C-1", "code": "\n\n#include<stdio.h>\n#include<limits.h>\n#define R 3\n#define C 3\nint min(int x, int y, int z);\nint minCost(int cost[R][C], int m, int n)\n{\n     int i, j;\n", "comment": "/* Dynamic Programming implementation of MCP problem */", "problem_desc": "Min Cost Path | DP", "snippet": "#include<stdio.h>\n#include<limits.h>\n#define R 3\n#define C 3\nint min(int x, int y, int z);\nint minCost(int cost[R][C], int m, int n)\n{\nint i, j;", "tokens": ["#include", "<stdio.h>", "NEW_LINE", "#include", "<limits.h>", "NEW_LINE", "#define", "R", " 3", "NEW_LINE", "#define", "C", " 3", "NEW_LINE", "int", "min", "(", "int", "x", ",", "int", "y", ",", "int", "z", ")", ";", "int", "minCost", "(", "int", "cost", "[", "R", "]", "[", "C", "]", ",", "int", "m", ",", "int", "n", ")", "{", "int", "i", ",", "j", ";"], "comment_tokens": ["Dynamic", "Programming", "implementation", "of", "MCP", "problem"], "desc_tokens": ["Min", "Cost", "Path", "|", "DP"]}
