{"idx": "1851-C-5", "code": "\n\nint main()\n{\n    int arr[] = { 1, 2, 3, 4, 3 };\n    int n = sizeof(arr) / sizeof(arr[0]);\n    printf(\"Minimum number of multiplications is %d \",\n           MatrixChainOrder(arr, 1, n - 1));\n    getchar();\n    return 0;\n}", "comment": "/*Driver code*/", "problem_desc": "Matrix Chain Multiplication | DP", "snippet": "int main()\n{\nint arr[] = { 1, 2, 3, 4, 3 };\nint n = sizeof(arr) / sizeof(arr[0]);\nprintf(\"Minimum number of multiplications is %d \",\nMatrixChainOrder(arr, 1, n - 1));\ngetchar();\nreturn 0;\n}", "tokens": ["int", "main", "(", ")", "{", "int", "arr", "[", "]", "=", "{", "1", ",", "2", ",", "3", ",", "4", ",", "3", "}", ";", "int", "n", "=", "sizeof", "(", "arr", ")", "/", "sizeof", "(", "arr", "[", "0", "]", ")", ";", "printf", "(", "\" Minimum \u2581 number \u2581 of \u2581 multiplications \u2581 is \u2581 % d \u2581 \"", ",", "MatrixChainOrder", "(", "arr", ",", "1", ",", "n", "-", "1", ")", ")", ";", "getchar", "(", ")", ";", "return", "0", ";", "}"], "comment_tokens": ["Driver", "code"], "desc_tokens": ["Matrix", "Chain", "Multiplication", "|", "DP"]}
