{"idx": "1851-C-3", "code": "\n\n    for (k = i; k < j; k++)\n    {\n        count = MatrixChainOrder(p, i, k)\n                + MatrixChainOrder(p, k + 1, j)\n                + p[i - 1] * p[k] * p[j];\n        if (count < min)\n            min = count;\n    }\n", "comment": "/* place parenthesis at different places between first\n and last matrix, recursively calculate count of\n multiplications for each parenthesis placement and\n return the minimum count*/", "problem_desc": "Matrix Chain Multiplication | DP", "snippet": "for (k = i; k < j; k++)\n{\ncount = MatrixChainOrder(p, i, k)\n+ MatrixChainOrder(p, k + 1, j)\n+ p[i - 1] * p[k] * p[j];\nif (count < min)\nmin = count;\n}", "tokens": ["for", "(", "k", "=", "i", ";", "k", "<", "j", ";", "k", "++", ")", "{", "count", "=", "MatrixChainOrder", "(", "p", ",", "i", ",", "k", ")", "+", "MatrixChainOrder", "(", "p", ",", "k", "+", "1", ",", "j", ")", "+", "p", "[", "i", "-", "1", "]", "*", "p", "[", "k", "]", "*", "p", "[", "j", "]", ";", "if", "(", "count", "<", "min", ")", "min", "=", "count", ";", "}"], "comment_tokens": ["place", "parenthesis", "at", "different", "places", "between", "first", "and", "last", "matrix", ",", "recursively", "calculate", "count", "of", "multiplications", "for", "each", "parenthesis", "placement", "and", "return", "the", "minimum", "count"], "desc_tokens": ["Matrix", "Chain", "Multiplication", "|", "DP"]}
