{"idx": "1851-C-2", "code": "\n\nint MatrixChainOrder(int p[], int i, int j)\n{\n    if (i == j)\n        return 0;\n    int k;\n    int min = INT_MAX;\n    int count;\n", "comment": "/*Matrix Ai has dimension p[i-1] x p[i] for i = 1..n*/", "problem_desc": "Matrix Chain Multiplication | DP", "snippet": "int MatrixChainOrder(int p[], int i, int j)\n{\nif (i == j)\nreturn 0;\nint k;\nint min = INT_MAX;\nint count;", "tokens": ["int", "MatrixChainOrder", "(", "int", "p", "[", "]", ",", "int", "i", ",", "int", "j", ")", "{", "if", "(", "i", "==", "j", ")", "return", "0", ";", "int", "k", ";", "int", "min", "=", "INT_MAX", ";", "int", "count", ";"], "comment_tokens": ["Matrix", "Ai", "has", "dimension", "p", "[", "i", "-", "1", "]", "x", "p", "[", "i", "]", "for", "i", "=", "1.", ".", "n"], "desc_tokens": ["Matrix", "Chain", "Multiplication", "|", "DP"]}
