{"idx": "1853-C-7", "code": "\n\n                q = m[i][k] + m[k + 1][j]\n                    + p[i - 1] * p[k] * p[j];\n                if (q < m[i][j])\n                    m[i][j] = q;\n            }\n        }\n    }\n    return m[1][n - 1];\n}\n", "comment": "/* q = cost/scalar multiplications*/", "problem_desc": "Matrix Chain Multiplication | DP", "snippet": "q = m[i][k] + m[k + 1][j]\n+ p[i - 1] * p[k] * p[j];\nif (q < m[i][j])\nm[i][j] = q;\n}\n}\n}\nreturn m[1][n - 1];\n}", "tokens": ["q", "=", "m", "[", "i", "]", "[", "k", "]", "+", "m", "[", "k", "+", "1", "]", "[", "j", "]", "+", "p", "[", "i", "-", "1", "]", "*", "p", "[", "k", "]", "*", "p", "[", "j", "]", ";", "if", "(", "q", "<", "m", "[", "i", "]", "[", "j", "]", ")", "m", "[", "i", "]", "[", "j", "]", "=", "q", ";", "}", "}", "}", "return", "m", "[", "1", "]", "[", "n", "-", "1", "]", ";", "}"], "comment_tokens": ["q", "=", "cost", "/", "scalar", "multiplications"], "desc_tokens": ["Matrix", "Chain", "Multiplication", "|", "DP"]}
