{"idx": "1853-C-5", "code": "\n\n    for (i = 1; i < n; i++)\n        m[i][i] = 0;\n", "comment": "/* cost is zero when multiplying one matrix.*/", "problem_desc": "Matrix Chain Multiplication | DP", "snippet": "for (i = 1; i < n; i++)\nm[i][i] = 0;", "tokens": ["for", "(", "i", "=", "1", ";", "i", "<", "n", ";", "i", "++", ")", "m", "[", "i", "]", "[", "i", "]", "=", "0", ";"], "comment_tokens": ["cost", "is", "zero", "when", "multiplying", "one", "matrix", "."], "desc_tokens": ["Matrix", "Chain", "Multiplication", "|", "DP"]}
