{"idx": "1853-C-8", "code": "\n\nint main()\n{\n    int arr[] = { 1, 2, 3, 4 };\n    int size = sizeof(arr) / sizeof(arr[0]);\n    printf(\"Minimum number of multiplications is %d \",\n           MatrixChainOrder(arr, size));\n    getchar();\n    return 0;\n}", "comment": "/*Driver code*/", "problem_desc": "Matrix Chain Multiplication | DP", "snippet": "int main()\n{\nint arr[] = { 1, 2, 3, 4 };\nint size = sizeof(arr) / sizeof(arr[0]);\nprintf(\"Minimum number of multiplications is %d \",\nMatrixChainOrder(arr, size));\ngetchar();\nreturn 0;\n}", "tokens": ["int", "main", "(", ")", "{", "int", "arr", "[", "]", "=", "{", "1", ",", "2", ",", "3", ",", "4", "}", ";", "int", "size", "=", "sizeof", "(", "arr", ")", "/", "sizeof", "(", "arr", "[", "0", "]", ")", ";", "printf", "(", "\" Minimum \u2581 number \u2581 of \u2581 multiplications \u2581 is \u2581 % d \u2581 \"", ",", "MatrixChainOrder", "(", "arr", ",", "size", ")", ")", ";", "getchar", "(", ")", ";", "return", "0", ";", "}"], "comment_tokens": ["Driver", "code"], "desc_tokens": ["Matrix", "Chain", "Multiplication", "|", "DP"]}
