{"idx": "1853-C-6", "code": "\n\n    for (L = 2; L < n; L++) {\n        for (i = 1; i < n - L + 1; i++)\n        {\n            j = i + L - 1;\n            m[i][j] = INT_MAX;\n            for (k = i; k <= j - 1; k++)\n            {\n", "comment": "/* L is chain length.*/", "problem_desc": "Matrix Chain Multiplication | DP", "snippet": "for (L = 2; L < n; L++) {\nfor (i = 1; i < n - L + 1; i++)\n{\nj = i + L - 1;\nm[i][j] = INT_MAX;\nfor (k = i; k <= j - 1; k++)\n{", "tokens": ["for", "(", "L", "=", "2", ";", "L", "<", "n", ";", "L", "++", ")", "{", "for", "(", "i", "=", "1", ";", "i", "<", "n", "-", "L", "+", "1", ";", "i", "++", ")", "{", "j", "=", "i", "+", "L", "-", "1", ";", "m", "[", "i", "]", "[", "j", "]", "=", "INT_MAX", ";", "for", "(", "k", "=", "i", ";", "k", "<=", "j", "-", "1", ";", "k", "++", ")", "{"], "comment_tokens": ["L", "is", "chain", "length", "."], "desc_tokens": ["Matrix", "Chain", "Multiplication", "|", "DP"]}
