{"idx": "1853-C-2", "code": "\n\nint MatrixChainOrder(int p[], int n)\n{\n    ", "comment": "/*Matrix Ai has dimension p[i-1] x p[i] for i = 1..n*/", "problem_desc": "Matrix Chain Multiplication | DP", "snippet": "int MatrixChainOrder(int p[], int n)\n{", "tokens": ["int", "MatrixChainOrder", "(", "int", "p", "[", "]", ",", "int", "n", ")", "{"], "comment_tokens": ["Matrix", "Ai", "has", "dimension", "p", "[", "i", "-", "1", "]", "x", "p", "[", "i", "]", "for", "i", "=", "1.", ".", "n"], "desc_tokens": ["Matrix", "Chain", "Multiplication", "|", "DP"]}
