{"idx": "1853-C-3", "code": "\n\n    int m[n][n];\n    int i, j, k, L, q;\n    ", "comment": "/* For simplicity of the program,\n one extra row and one\n extra column are allocated in m[][]. \n 0th row and 0th\n column of m[][] are not used */", "problem_desc": "Matrix Chain Multiplication | DP", "snippet": "int m[n][n];\nint i, j, k, L, q;", "tokens": ["int", "m", "[", "n", "]", "[", "n", "]", ";", "int", "i", ",", "j", ",", "k", ",", "L", ",", "q", ";"], "comment_tokens": ["For", "simplicity", "of", "the", "program", ",", "one", "extra", "row", "and", "one", "extra", "column", "are", "allocated", "in", "m", "[", "]", "[", "]", ".", "0", "th", "row", "and", "0", "th", "column", "of", "m", "[", "]", "[", "]", "are", "not", "used"], "desc_tokens": ["Matrix", "Chain", "Multiplication", "|", "DP"]}
