{"idx": "1854-C-4", "code": "\n\n    return binomialCoeff(n - 1, k - 1)\n           + binomialCoeff(n - 1, k);\n}\n", "comment": "/* Recur*/", "problem_desc": "Binomial Coefficient | DP", "snippet": "return binomialCoeff(n - 1, k - 1)\n+ binomialCoeff(n - 1, k);\n}", "tokens": ["return", "binomialCoeff", "(", "n", "-", "1", ",", "k", "-", "1", ")", "+", "binomialCoeff", "(", "n", "-", "1", ",", "k", ")", ";", "}"], "comment_tokens": ["Recur"], "desc_tokens": ["Binomial", "Coefficient", "|", "DP"]}
