{"idx": "1861-C-5", "code": "\n\n    if (wt[n - 1] > W)\n        return knapSack(W, wt, val, n - 1);\n", "comment": "/* If weight of the nth item is more than\n Knapsack capacity W, then this item cannot\n be included in the optimal solution*/", "problem_desc": "0", "snippet": "if (wt[n - 1] > W)\nreturn knapSack(W, wt, val, n - 1);", "tokens": ["if", "(", "wt", "[", "n", "-", "1", "]", ">", "W", ")", "return", "knapSack", "(", "W", ",", "wt", ",", "val", ",", "n", "-", "1", ")", ";"], "comment_tokens": ["If", "weight", "of", "the", "nth", "item", "is", "more", "than", "Knapsack", "capacity", "W", ",", "then", "this", "item", "cannot", "be", "included", "in", "the", "optimal", "solution"], "desc_tokens": ["0"]}
