{"idx": "1861-C-6", "code": "\n\n    else\n        return max(\n            val[n - 1]\n                + knapSack(W - wt[n - 1],\n                           wt, val, n - 1),\n            knapSack(W, wt, val, n - 1));\n}\n", "comment": "/* Return the maximum of two cases:\n (1) nth item included\n (2) not included*/", "problem_desc": "0", "snippet": "else\nreturn max(\nval[n - 1]\n+ knapSack(W - wt[n - 1], wt, val, n - 1),\nknapSack(W, wt, val, n - 1));\n}", "tokens": ["else", "return", "max", "(", "val", "[", "n", "-", "1", "]", "+", "knapSack", "(", "W", "-", "wt", "[", "n", "-", "1", "]", ",", "wt", ",", "val", ",", "n", "-", "1", ")", ",", "knapSack", "(", "W", ",", "wt", ",", "val", ",", "n", "-", "1", ")", ")", ";", "}"], "comment_tokens": ["Return", "the", "maximum", "of", "two", "cases", ":", "(", "1", ")", "nth", "item", "included", "(", "2", ")", "not", "included"], "desc_tokens": ["0"]}
