{"idx": "1861-C-3", "code": "\n\nint knapSack(int W, int wt[], int val[], int n)\n{\n", "comment": "/*Returns the maximum value that can be\nput in a knapsack of capacity W*/", "problem_desc": "0", "snippet": "int knapSack(int W, int wt[], int val[], int n)\n{", "tokens": ["int", "knapSack", "(", "int", "W", ",", "int", "wt", "[", "]", ",", "int", "val", "[", "]", ",", "int", "n", ")", "{"], "comment_tokens": ["Returns", "the", "maximum", "value", "that", "can", "be", "put", "in", "a", "knapsack", "of", "capacity", "W"], "desc_tokens": ["0"]}
