{"idx": "1862-C-5", "code": "\n\nint main()\n{\n    int val[] = { 60, 100, 120 };\n    int wt[] = { 10, 20, 30 };\n    int W = 50;\n    int n = sizeof(val) / sizeof(val[0]);\n    printf(\"%d\", knapSack(W, wt, val, n));\n    return 0;\n}", "comment": "/*Driver Code*/", "problem_desc": "0", "snippet": "int main()\n{\nint val[] = { 60, 100, 120 };\nint wt[] = { 10, 20, 30 };\nint W = 50;\nint n = sizeof(val) / sizeof(val[0]);\nprintf(\"%d\", knapSack(W, wt, val, n));\nreturn 0;\n}", "tokens": ["int", "main", "(", ")", "{", "int", "val", "[", "]", "=", "{", "60", ",", "100", ",", "120", "}", ";", "int", "wt", "[", "]", "=", "{", "10", ",", "20", ",", "30", "}", ";", "int", "W", "=", "50", ";", "int", "n", "=", "sizeof", "(", "val", ")", "/", "sizeof", "(", "val", "[", "0", "]", ")", ";", "printf", "(", "\" % d \"", ",", "knapSack", "(", "W", ",", "wt", ",", "val", ",", "n", ")", ")", ";", "return", "0", ";", "}"], "comment_tokens": ["Driver", "Code"], "desc_tokens": ["0"]}
