{"idx": "1862-C-3", "code": "\n\nint knapSack(int W, int wt[], int val[], int n)\n{\n    int i, w;\n    int K[n + 1][W + 1];\n", "comment": "/*Returns the maximum value that\ncan be put in a knapsack of capacity W*/", "problem_desc": "0", "snippet": "int knapSack(int W, int wt[], int val[], int n)\n{\nint i, w;\nint K[n + 1][W + 1];", "tokens": ["int", "knapSack", "(", "int", "W", ",", "int", "wt", "[", "]", ",", "int", "val", "[", "]", ",", "int", "n", ")", "{", "int", "i", ",", "w", ";", "int", "K", "[", "n", "+", "1", "]", "[", "W", "+", "1", "]", ";"], "comment_tokens": ["Returns", "the", "maximum", "value", "that", "can", "be", "put", "in", "a", "knapsack", "of", "capacity", "W"], "desc_tokens": ["0"]}
