{"idx": "1862-C-4", "code": "\n\n    for (i = 0; i <= n; i++)\n    {\n        for (w = 0; w <= W; w++)\n        {\n            if (i == 0 || w == 0)\n                K[i][w] = 0;\n            else if (wt[i - 1] <= w)\n                K[i][w] = max(val[i - 1]\n                          + K[i - 1][w - wt[i - 1]],\n                          K[i - 1][w]);\n            else\n                K[i][w] = K[i - 1][w];\n        }\n    }\n    return K[n][W];\n}\n", "comment": "/* Build table K[][] in bottom up manner*/", "problem_desc": "0", "snippet": "for (i = 0; i <= n; i++)\n{\nfor (w = 0; w <= W; w++)\n{\nif (i == 0 w == 0)\nK[i][w] = 0;\nelse if (wt[i - 1] <= w)\nK[i][w] = max(val[i - 1] + K[i - 1][w - wt[i - 1]], K[i - 1][w]);\nelse\nK[i][w] = K[i - 1][w];\n}\n}\nreturn K[n][W];\n}", "tokens": ["for", "(", "i", "=", "0", ";", "i", "<=", "n", ";", "i", "++", ")", "{", "for", "(", "w", "=", "0", ";", "w", "<=", "W", ";", "w", "++", ")", "{", "if", "(", "i", "==", "0", "w", "==", "0", ")", "K", "[", "i", "]", "[", "w", "]", "=", "0", ";", "else", "if", "(", "wt", "[", "i", "-", "1", "]", "<=", "w", ")", "K", "[", "i", "]", "[", "w", "]", "=", "max", "(", "val", "[", "i", "-", "1", "]", "+", "K", "[", "i", "-", "1", "]", "[", "w", "-", "wt", "[", "i", "-", "1", "]", "]", ",", "K", "[", "i", "-", "1", "]", "[", "w", "]", ")", ";", "else", "K", "[", "i", "]", "[", "w", "]", "=", "K", "[", "i", "-", "1", "]", "[", "w", "]", ";", "}", "}", "return", "K", "[", "n", "]", "[", "W", "]", ";", "}"], "comment_tokens": ["Build", "table", "K", "[", "]", "[", "]", "in", "bottom", "up", "manner"], "desc_tokens": ["0"]}
