{"idx": "1867-C-8", "code": "\n\nint main()\n{\n    char seq[] = \"GEEKSFORGEEKS\";\n    int n = strlen(seq);\n    printf (\"The length of the LPS is %d\", lps(seq, 0, n-1));\n    getchar();\n    return 0;\n}", "comment": "/* Driver program to test above functions */", "problem_desc": "Longest Palindromic Subsequence | DP", "snippet": "int main()\n{\nchar seq[] = \"GEEKSFORGEEKS\";\nint n = strlen(seq);\nprintf (\"The length of the LPS is %d\", lps(seq, 0, n-1));\ngetchar();\nreturn 0;\n}", "tokens": ["int", "main", "(", ")", "{", "char", "seq", "[", "]", "=", "\" GEEKSFORGEEKS \"", ";", "int", "n", "=", "strlen", "(", "seq", ")", ";", "printf", "(", "\" The \u2581 length \u2581 of \u2581 the \u2581 LPS \u2581 is \u2581 % d \"", ",", "lps", "(", "seq", ",", "0", ",", "n", "-", "1", ")", ")", ";", "getchar", "(", ")", ";", "return", "0", ";", "}"], "comment_tokens": ["Driver", "program", "to", "test", "above", "functions"], "desc_tokens": ["Longest", "Palindromic", "Subsequence", "|", "DP"]}
