{"idx": "1867-C-5", "code": "\n\n   if (seq[i] == seq[j] && i + 1 == j)\n     return 2;\n", "comment": "/* Base Case 2: If there are only 2 characters and both are same*/", "problem_desc": "Longest Palindromic Subsequence | DP", "snippet": " if (seq[i] == seq[j] && i + 1 == j)\nreturn 2;", "tokens": ["if", "(", "seq", "[", "i", "]", "==", "seq", "[", "j", "]", "&&", "i", "+", "1", "==", "j", ")", "return", "2", ";"], "comment_tokens": ["Base", "Case", "2", ":", "If", "there", "are", "only", "2", "characters", "and", "both", "are", "same"], "desc_tokens": ["Longest", "Palindromic", "Subsequence", "|", "DP"]}
