{"idx": "1867-C-7", "code": "\n\n   return max( lps(seq, i, j-1), lps(seq, i+1, j) );\n}\n", "comment": "/* If the first and last characters do not match*/", "problem_desc": "Longest Palindromic Subsequence | DP", "snippet": " return max( lps(seq, i, j-1), lps(seq, i+1, j) );\n}", "tokens": ["return", "max", "(", "lps", "(", "seq", ",", "i", ",", "j", "-", "1", ")", ",", "lps", "(", "seq", ",", "i", "+", "1", ",", "j", ")", ")", ";", "}"], "comment_tokens": ["If", "the", "first", "and", "last", "characters", "do", "not", "match"], "desc_tokens": ["Longest", "Palindromic", "Subsequence", "|", "DP"]}
