{"idx": "1867-C-6", "code": "\n\n   if (seq[i] == seq[j])\n      return lps (seq, i+1, j-1) + 2;\n", "comment": "/* If the first and last characters match*/", "problem_desc": "Longest Palindromic Subsequence | DP", "snippet": " if (seq[i] == seq[j])\nreturn lps (seq, i+1, j-1) + 2;", "tokens": ["if", "(", "seq", "[", "i", "]", "==", "seq", "[", "j", "]", ")", "return", "lps", "(", "seq", ",", "i", "+", "1", ",", "j", "-", "1", ")", "+", "2", ";"], "comment_tokens": ["If", "the", "first", "and", "last", "characters", "match"], "desc_tokens": ["Longest", "Palindromic", "Subsequence", "|", "DP"]}
