{"idx": "1878-C-7", "code": "\n\n    int sum = 0;\n    for (int i = 0; i < n; i++)\n        sum += arr[i];\n", "comment": "/* Calculate sum of the elements in array*/", "problem_desc": "Partition problem | DP", "snippet": "int sum = 0;\nfor (int i = 0; i < n; i++)\nsum += arr[i];", "tokens": ["int", "sum", "=", "0", ";", "for", "(", "int", "i", "=", "0", ";", "i", "<", "n", ";", "i", "++", ")", "sum", "+=", "arr", "[", "i", "]", ";"], "comment_tokens": ["Calculate", "sum", "of", "the", "elements", "in", "array"], "desc_tokens": ["Partition", "problem", "|", "DP"]}
