{"idx": "1878-C-10", "code": "\n\nint main()\n{\n    int arr[] = { 3, 1, 5, 9, 12 };\n    int n = sizeof(arr) / sizeof(arr[0]);\n", "comment": "/*Driver code*/", "problem_desc": "Partition problem | DP", "snippet": "int main()\n{\nint arr[] = { 3, 1, 5, 9, 12 };\nint n = sizeof(arr) / sizeof(arr[0]);", "tokens": ["int", "main", "(", ")", "{", "int", "arr", "[", "]", "=", "{", "3", ",", "1", ",", "5", ",", "9", ",", "12", "}", ";", "int", "n", "=", "sizeof", "(", "arr", ")", "/", "sizeof", "(", "arr", "[", "0", "]", ")", ";"], "comment_tokens": ["Driver", "code"], "desc_tokens": ["Partition", "problem", "|", "DP"]}
