{"idx": "1878-C-8", "code": "\n\n    if (sum % 2 != 0)\n        return false;\n", "comment": "/* If sum is odd, there cannot be two subsets\n with equal sum*/", "problem_desc": "Partition problem | DP", "snippet": "if (sum % 2 != 0)\nreturn false;", "tokens": ["if", "(", "sum", "%", "2", "!=", "0", ")", "return", "false", ";"], "comment_tokens": ["If", "sum", "is", "odd", ",", "there", "cannot", "be", "two", "subsets", "with", "equal", "sum"], "desc_tokens": ["Partition", "problem", "|", "DP"]}
