{"idx": "1878-C-2", "code": "\n\nbool isSubsetSum(int arr[], int n, int sum)\n{\n", "comment": "/*A utility function that returns true if there is\na subset of arr[] with sun equal to given sum*/", "problem_desc": "Partition problem | DP", "snippet": "bool isSubsetSum(int arr[], int n, int sum)\n{", "tokens": ["bool", "isSubsetSum", "(", "int", "arr", "[", "]", ",", "int", "n", ",", "int", "sum", ")", "{"], "comment_tokens": ["A", "utility", "function", "that", "returns", "true", "if", "there", "is", "a", "subset", "of", "arr", "[", "]", "with", "sun", "equal", "to", "given", "sum"], "desc_tokens": ["Partition", "problem", "|", "DP"]}
