{"idx": "1878-C-11", "code": "\n\n    if (findPartiion(arr, n) == true)\n        printf(\"Can be divided into two subsets \"\n               \"of equal sum\");\n    else\n        printf(\"Can not be divided into two subsets\"\n               \" of equal sum\");\n    return 0;\n}", "comment": "/* Function call*/", "problem_desc": "Partition problem | DP", "snippet": "if (findPartiion(arr, n) == true)\nprintf(\"Can be divided into two subsets \" \"of equal sum\");\nelse\nprintf(\"Can not be divided into two subsets\" \" of equal sum\");\nreturn 0;\n}", "tokens": ["if", "(", "findPartiion", "(", "arr", ",", "n", ")", "==", "true", ")", "printf", "(", "\" Can \u2581 be \u2581 divided \u2581 into \u2581 two \u2581 subsets \u2581 \"", "\" of \u2581 equal \u2581 sum \"", ")", ";", "else", "printf", "(", "\" Can \u2581 not \u2581 be \u2581 divided \u2581 into \u2581 two \u2581 subsets \"", "\" \u2581 of \u2581 equal \u2581 sum \"", ")", ";", "return", "0", ";", "}"], "comment_tokens": ["Function", "call"], "desc_tokens": ["Partition", "problem", "|", "DP"]}
