{"idx": "1878-C-9", "code": "\n\n    return isSubsetSum(arr, n, sum / 2);\n}\n", "comment": "/* Find if there is subset with sum equal to\n half of total sum*/", "problem_desc": "Partition problem | DP", "snippet": "return isSubsetSum(arr, n, sum / 2);\n}", "tokens": ["return", "isSubsetSum", "(", "arr", ",", "n", ",", "sum", "/", "2", ")", ";", "}"], "comment_tokens": ["Find", "if", "there", "is", "subset", "with", "sum", "equal", "to", "half", "of", "total", "sum"], "desc_tokens": ["Partition", "problem", "|", "DP"]}
