{"idx": "1878-C-3", "code": "\n\n    if (sum == 0)\n        return true;\n    if (n == 0 && sum != 0)\n        return false;\n", "comment": "/* Base Cases*/", "problem_desc": "Partition problem | DP", "snippet": "if (sum == 0)\nreturn true;\nif (n == 0 && sum != 0)\nreturn false;", "tokens": ["if", "(", "sum", "==", "0", ")", "return", "true", ";", "if", "(", "n", "==", "0", "&&", "sum", "!=", "0", ")", "return", "false", ";"], "comment_tokens": ["Base", "Cases"], "desc_tokens": ["Partition", "problem", "|", "DP"]}
