{"idx": "1878-C-5", "code": "\n\n    return isSubsetSum(arr, n - 1, sum)\n           || isSubsetSum(arr, n - 1, sum - arr[n - 1]);\n}\n", "comment": "/* else, check if sum can be obtained by any of\n the following\n (a) including the last element\n (b) excluding the last element\n */", "problem_desc": "Partition problem | DP", "snippet": "return isSubsetSum(arr, n - 1, sum)\n|| isSubsetSum(arr, n - 1, sum - arr[n - 1]);\n}", "tokens": ["return", "isSubsetSum", "(", "arr", ",", "n", "-", "1", ",", "sum", ")", "||", "isSubsetSum", "(", "arr", ",", "n", "-", "1", ",", "sum", "-", "arr", "[", "n", "-", "1", "]", ")", ";", "}"], "comment_tokens": ["else", ",", "check", "if", "sum", "can", "be", "obtained", "by", "any", "of", "the", "following", "(", "a", ")", "including", "the", "last", "element", "(", "b", ")", "excluding", "the", "last", "element"], "desc_tokens": ["Partition", "problem", "|", "DP"]}
