{"idx": "1878-C-4", "code": "\n\n    if (arr[n - 1] > sum)\n        return isSubsetSum(arr, n - 1, sum);\n    ", "comment": "/* If last element is greater than sum, then\n ignore it*/", "problem_desc": "Partition problem | DP", "snippet": "if (arr[n - 1] > sum)\nreturn isSubsetSum(arr, n - 1, sum);", "tokens": ["if", "(", "arr", "[", "n", "-", "1", "]", ">", "sum", ")", "return", "isSubsetSum", "(", "arr", ",", "n", "-", "1", ",", "sum", ")", ";"], "comment_tokens": ["If", "last", "element", "is", "greater", "than", "sum", ",", "then", "ignore", "it"], "desc_tokens": ["Partition", "problem", "|", "DP"]}
