{"idx": "1939-C-6", "code": "\n\n        int curr = (N - b - 1) * findoptimal(b);\n        if (curr > max)\n            max = curr;\n    }\n    return max;\n}\n", "comment": "/* If the breakpoint is s at b'th keystroke then\n the optimal string would have length\n (n-b-1)*screen[b-1];*/", "problem_desc": "How to print maximum number of A's using given four keys", "snippet": "int curr = (N - b - 1) * findoptimal(b);\nif (curr > max)\nmax = curr;\n}\nreturn max;\n}", "tokens": ["int", "curr", "=", "(", "N", "-", "b", "-", "1", ")", "*", "findoptimal", "(", "b", ")", ";", "if", "(", "curr", ">", "max", ")", "max", "=", "curr", ";", "}", "return", "max", ";", "}"], "comment_tokens": ["If", "the", "breakpoint", "is", "s", "at", "b", "'th keystroke then  the optimal string would have length  (n-b-1)*screen[b-1];"], "desc_tokens": ["How", "to", "print", "maximum", "number", "of", "A", "'s using given four keys"]}
