{"idx": "1939-C-8", "code": "\n\n    for (N = 1; N <= 20; N++)\n        printf(\"Maximum Number of A's with %d keystrokes is %d\\n\",\n               N, findoptimal(N));\n}", "comment": "/* for the rest of the array we will rely on the previous\n entries to compute new ones*/", "problem_desc": "How to print maximum number of A's using given four keys", "snippet": "for (N = 1; N <= 20; N++)\nprintf(\"Maximum Number of A's with %d keystrokes is %d\\n\",\nN, findoptimal(N));\n}", "tokens": ["for", "(", "N", "=", "1", ";", "N", "<=", "20", ";", "N", "++", ")", "printf", "(", "\" Maximum \u2581 Number \u2581 of \u2581 A ' s \u2581 with \u2581 % d \u2581 keystrokes \u2581 is \u2581 % d STRNEWLINE \"", ",", "N", ",", "findoptimal", "(", "N", ")", ")", ";", "}"], "comment_tokens": ["for", "the", "rest", "of", "the", "array", "we", "will", "rely", "on", "the", "previous", "entries", "to", "compute", "new", "ones"], "desc_tokens": ["How", "to", "print", "maximum", "number", "of", "A", "'s using given four keys"]}
