{"idx": "1939-C-2", "code": "\n\nint findoptimal(int N)\n{\n", "comment": "/*A recursive function that returns the optimal length string\nfor N keystrokes*/", "problem_desc": "How to print maximum number of A's using given four keys", "snippet": "int findoptimal(int N)\n{", "tokens": ["int", "findoptimal", "(", "int", "N", ")", "{"], "comment_tokens": ["A", "recursive", "function", "that", "returns", "the", "optimal", "length", "string", "for", "N", "keystrokes"], "desc_tokens": ["How", "to", "print", "maximum", "number", "of", "A", "'s using given four keys"]}
