{"idx": "1939-C-3", "code": "\n\n    if (N <= 6)\n        return N;\n", "comment": "/* The optimal string length is N when N is smaller than 7*/", "problem_desc": "How to print maximum number of A's using given four keys", "snippet": "if (N <= 6)\nreturn N;", "tokens": ["if", "(", "N", "<=", "6", ")", "return", "N", ";"], "comment_tokens": ["The", "optimal", "string", "length", "is", "N", "when", "N", "is", "smaller", "than", "7"], "desc_tokens": ["How", "to", "print", "maximum", "number", "of", "A", "'s using given four keys"]}
