{"idx": "1939-C-5", "code": "\n\n    int b;\n    for (b = N - 3; b >= 1; b--) {\n", "comment": "/* TRY ALL POSSIBLE BREAK-POINTS\n For any keystroke N, we need to loop from N-3 keystrokes\n back to 1 keystroke to find a breakpoint 'b' after which we\n will have Ctrl-A, Ctrl-C and then only Ctrl-V all the way.*/", "problem_desc": "How to print maximum number of A's using given four keys", "snippet": "int b;\nfor (b = N - 3; b >= 1; b--) {", "tokens": ["int", "b", ";", "for", "(", "b", "=", "N", "-", "3", ";", "b", ">=", "1", ";", "b", "--", ")", "{"], "comment_tokens": ["TRY", "ALL", "POSSIBLE", "BREAK", "-", "POINTS", "For", "any", "keystroke", "N", ",", "we", "need", "to", "loop", "from", "N", "-", "3", "keystrokes", "back", "to", "1", "keystroke", "to", "find", "a", "breakpoint", "' b '", "after", "which", "we", "will", "have", "Ctrl", "-", "A", ",", "Ctrl", "-", "C", "and", "then", "only", "Ctrl", "-", "V", "all", "the", "way", "."], "desc_tokens": ["How", "to", "print", "maximum", "number", "of", "A", "'s using given four keys"]}
