{"idx": "1944-C-3", "code": "\n\n    int table[n+1], i;\n", "comment": "/* table[i] will store count of solutions for\n value i.*/", "problem_desc": "Count number of ways to reach a given score in a game", "snippet": "int table[n+1], i;", "tokens": ["int", "table", "[", "n", "+", "1", "]", ",", "i", ";"], "comment_tokens": ["table", "[", "i", "]", "will", "store", "count", "of", "solutions", "for", "value", "i", "."], "desc_tokens": ["Count", "number", "of", "ways", "to", "reach", "a", "given", "score", "in", "a", "game"]}
