{"idx": "1944-C-6", "code": "\n\n    for (i=3; i<=n; i++)\n       table[i] += table[i-3];\n    for (i=5; i<=n; i++)\n       table[i] += table[i-5];\n    for (i=10; i<=n; i++)\n       table[i] += table[i-10];\n    return table[n];\n}\n", "comment": "/* One by one consider given 3 moves and update the table[]\n values after the index greater than or equal to the\n value of the picked move*/", "problem_desc": "Count number of ways to reach a given score in a game", "snippet": "for (i=3; i<=n; i++)\ntable[i] += table[i-3];\nfor (i=5; i<=n; i++)\ntable[i] += table[i-5];\nfor (i=10; i<=n; i++)\ntable[i] += table[i-10];\nreturn table[n];\n}", "tokens": ["for", "(", "i", "=", "3", ";", "i", "<=", "n", ";", "i", "++", ")", "table", "[", "i", "]", "+=", "table", "[", "i", "-", "3", "]", ";", "for", "(", "i", "=", "5", ";", "i", "<=", "n", ";", "i", "++", ")", "table", "[", "i", "]", "+=", "table", "[", "i", "-", "5", "]", ";", "for", "(", "i", "=", "10", ";", "i", "<=", "n", ";", "i", "++", ")", "table", "[", "i", "]", "+=", "table", "[", "i", "-", "10", "]", ";", "return", "table", "[", "n", "]", ";", "}"], "comment_tokens": ["One", "by", "one", "consider", "given", "3", "moves", "and", "update", "the", "table", "[", "]", "values", "after", "the", "index", "greater", "than", "or", "equal", "to", "the", "value", "of", "the", "picked", "move"], "desc_tokens": ["Count", "number", "of", "ways", "to", "reach", "a", "given", "score", "in", "a", "game"]}
