{"idx": "1944-C-7", "code": "\n\nint main(void)\n{\n    int n = 20;\n    printf(\"Count for %d is %d\\n\", n, count(n));\n    n = 13;\n    printf(\"Count for %d is %d\", n, count(n));\n    return 0;\n}", "comment": "/*Driver program*/", "problem_desc": "Count number of ways to reach a given score in a game", "snippet": "int main(void)\n{\nint n = 20;\nprintf(\"Count for %d is %d\\n\", n, count(n));\nn = 13;\nprintf(\"Count for %d is %d\", n, count(n));\nreturn 0;\n}", "tokens": ["int", "main", "(", "void", ")", "{", "int", "n", "=", "20", ";", "printf", "(", "\" Count \u2581 for \u2581 % d \u2581 is \u2581 % d STRNEWLINE \"", ",", "n", ",", "count", "(", "n", ")", ")", ";", "n", "=", "13", ";", "printf", "(", "\" Count \u2581 for \u2581 % d \u2581 is \u2581 % d \"", ",", "n", ",", "count", "(", "n", ")", ")", ";", "return", "0", ";", "}"], "comment_tokens": ["Driver", "program"], "desc_tokens": ["Count", "number", "of", "ways", "to", "reach", "a", "given", "score", "in", "a", "game"]}
