{"idx": "1949-C-2", "code": "\n\n    for (int i = 0; i <= N - M; i++) {\n        int j;\n        ", "comment": "/* A loop to slide pat[] one by one */", "problem_desc": "Naive algorithm for Pattern Searching", "snippet": "for (int i = 0; i <= N - M; i++) {\nint j;", "tokens": ["for", "(", "int", "i", "=", "0", ";", "i", "<=", "N", "-", "M", ";", "i", "++", ")", "{", "int", "j", ";"], "comment_tokens": ["A", "loop", "to", "slide", "pat", "[", "]", "one", "by", "one"], "desc_tokens": ["Naive", "algorithm", "for", "Pattern", "Searching"]}
