{"idx": "1949-C-5", "code": "\n\nint main()\n{\n    char txt[] = \"AABAACAADAABAAABAA\";\n    char pat[] = \"AABA\";\n    search(pat, txt);\n    return 0;\n}", "comment": "/* Driver program to test above function */", "problem_desc": "Naive algorithm for Pattern Searching", "snippet": "int main()\n{\nchar txt[] = \"AABAACAADAABAAABAA\";\nchar pat[] = \"AABA\";\nsearch(pat, txt);\nreturn 0;\n}", "tokens": ["int", "main", "(", ")", "{", "char", "txt", "[", "]", "=", "\" AABAACAADAABAAABAA \"", ";", "char", "pat", "[", "]", "=", "\" AABA \"", ";", "search", "(", "pat", ",", "txt", ")", ";", "return", "0", ";", "}"], "comment_tokens": ["Driver", "program", "to", "test", "above", "function"], "desc_tokens": ["Naive", "algorithm", "for", "Pattern", "Searching"]}
