{"idx": "1954-C-3", "code": "\n\nvoid search(char pat[], char txt[], int q)\n{\n    int M = strlen(pat);\n    int N = strlen(txt);\n    int i, j;\n", "comment": "/* pat -> pattern\n txt -> text\n q -> A prime number\n*/", "problem_desc": "Rabin", "snippet": "void search(char pat[], char txt[], int q)\n{\nint M = strlen(pat);\nint N = strlen(txt);\nint i, j;", "tokens": ["void", "search", "(", "char", "pat", "[", "]", ",", "char", "txt", "[", "]", ",", "int", "q", ")", "{", "int", "M", "=", "strlen", "(", "pat", ")", ";", "int", "N", "=", "strlen", "(", "txt", ")", ";", "int", "i", ",", "j", ";"], "comment_tokens": ["pat", "->", "pattern", "txt", "->", "text", "q", "->", "A", "prime", "number"], "desc_tokens": ["Rabin"]}
