{"idx": "1954-C-13", "code": "\n\n            if (t < 0)\n            t = (t + q);\n        }\n    }\n}\n", "comment": "/* We might get negative value of t, converting it\n to positive*/", "problem_desc": "Rabin", "snippet": "if (t < 0)\nt = (t + q);\n}\n}\n}", "tokens": ["if", "(", "t", "<", "0", ")", "t", "=", "(", "t", "+", "q", ")", ";", "}", "}", "}"], "comment_tokens": ["We", "might", "get", "negative", "value", "of", "t", ",", "converting", "it", "to", "positive"], "desc_tokens": ["Rabin"]}
