{"idx": "1954-C-7", "code": "\n\n    for (i = 0; i < M; i++)\n    {\n        p = (d*p + pat[i])%q;\n        t = (d*t + txt[i])%q;\n    }\n", "comment": "/* Calculate the hash value of pattern and first\n window of text*/", "problem_desc": "Rabin", "snippet": "for (i = 0; i < M; i++)\n{\np = (d*p + pat[i])%q;\nt = (d*t + txt[i])%q;\n}", "tokens": ["for", "(", "i", "=", "0", ";", "i", "<", "M", ";", "i", "++", ")", "{", "p", "=", "(", "d", "*", "p", "+", "pat", "[", "i", "]", ")", "%", "q", ";", "t", "=", "(", "d", "*", "t", "+", "txt", "[", "i", "]", ")", "%", "q", ";", "}"], "comment_tokens": ["Calculate", "the", "hash", "value", "of", "pattern", "and", "first", "window", "of", "text"], "desc_tokens": ["Rabin"]}
