{"idx": "1954-C-9", "code": "\n\n        if ( p == t )\n        {\n            ", "comment": "/* Check the hash values of current window of text\n and pattern. If the hash values match then only\n check for characters on by one*/", "problem_desc": "Rabin", "snippet": "if ( p == t )\n{", "tokens": ["if", "(", "p", "==", "t", ")", "{"], "comment_tokens": ["Check", "the", "hash", "values", "of", "current", "window", "of", "text", "and", "pattern", ".", "If", "the", "hash", "values", "match", "then", "only", "check", "for", "characters", "on", "by", "one"], "desc_tokens": ["Rabin"]}
