{"idx": "1954-C-11", "code": "\n\n            if (j == M)\n                printf(\"Pattern found at index %d \\n\", i);\n        }\n", "comment": "/* if p == t and pat[0...M-1] = txt[i, i+1, ...i+M-1]*/", "problem_desc": "Rabin", "snippet": "if (j == M)\nprintf(\"Pattern found at index %d \\n\", i);\n}", "tokens": ["if", "(", "j", "==", "M", ")", "printf", "(", "\" Pattern \u2581 found \u2581 at \u2581 index \u2581 % d \u2581 STRNEWLINE \"", ",", "i", ")", ";", "}"], "comment_tokens": ["if", "p", "==", "t", "and", "pat", "[", "0.", ".", ".", "M", "-", "1", "]", "=", "txt", "[", "i", ",", "i", "+", "1", ",", "...", "i", "+", "M", "-", "1", "]"], "desc_tokens": ["Rabin"]}
