{"idx": "1955-C-2", "code": "\n\nvoid search(char pat[], char txt[])\n{\n    int M = strlen(pat);\n    int N = strlen(txt);\n    int i = 0;\n    while (i <= N - M)\n    {\n        int j;\n        ", "comment": "/* A modified Naive Pettern Searching algorithn that is optimized\n for the cases when all characters of pattern are different */", "problem_desc": "Optimized Naive Algorithm for Pattern Searching", "snippet": "void search(char pat[], char txt[])\n{\nint M = strlen(pat);\nint N = strlen(txt);\nint i = 0;\nwhile (i <= N - M)\n{\nint j;", "tokens": ["void", "search", "(", "char", "pat", "[", "]", ",", "char", "txt", "[", "]", ")", "{", "int", "M", "=", "strlen", "(", "pat", ")", ";", "int", "N", "=", "strlen", "(", "txt", ")", ";", "int", "i", "=", "0", ";", "while", "(", "i", "<=", "N", "-", "M", ")", "{", "int", "j", ";"], "comment_tokens": ["A", "modified", "Naive", "Pettern", "Searching", "algorithn", "that", "is", "optimized", "for", "the", "cases", "when", "all", "characters", "of", "pattern", "are", "different"], "desc_tokens": ["Optimized", "Naive", "Algorithm", "for", "Pattern", "Searching"]}
