{"idx": "1955-C-3", "code": "\n\n        for (j = 0; j < M; j++)\n            if (txt[i+j] != pat[j])\n                break;\n", "comment": "/* For current index i, check for pattern match */", "problem_desc": "Optimized Naive Algorithm for Pattern Searching", "snippet": "for (j = 0; j < M; j++)\nif (txt[i+j] != pat[j])\nbreak;", "tokens": ["for", "(", "j", "=", "0", ";", "j", "<", "M", ";", "j", "++", ")", "if", "(", "txt", "[", "i", "+", "j", "]", "!=", "pat", "[", "j", "]", ")", "break", ";"], "comment_tokens": ["For", "current", "index", "i", ",", "check", "for", "pattern", "match"], "desc_tokens": ["Optimized", "Naive", "Algorithm", "for", "Pattern", "Searching"]}
