{"idx": "1955-C-4", "code": "\n\nif (j == M)  \n        {\n           printf(\"Pattern found at index %d \\n\", i);\n           i = i + M;\n        }\n        else if (j == 0)\n           i = i + 1;\n        else\n", "comment": "/*if pat[0...M-1] = txt[i, i+1, ...i+M-1]*/", "problem_desc": "Optimized Naive Algorithm for Pattern Searching", "snippet": "if (j == M) \n{\nprintf(\"Pattern found at index %d \\n\", i);\ni = i + M;\n}\nelse if (j == 0)\ni = i + 1;\nelse", "tokens": ["if", "(", "j", "==", "M", ")", "{", "printf", "(", "\" Pattern \u2581 found \u2581 at \u2581 index \u2581 % d \u2581 STRNEWLINE \"", ",", "i", ")", ";", "i", "=", "i", "+", "M", ";", "}", "else", "if", "(", "j", "==", "0", ")", "i", "=", "i", "+", "1", ";", "else"], "comment_tokens": ["if", "pat", "[", "0.", ".", ".", "M", "-", "1", "]", "=", "txt", "[", "i", ",", "i", "+", "1", ",", "...", "i", "+", "M", "-", "1", "]"], "desc_tokens": ["Optimized", "Naive", "Algorithm", "for", "Pattern", "Searching"]}
