{"idx": "1955-C-6", "code": "\n\nint main()\n{\n   char txt[] = \"ABCEABCDABCEABCD\";\n   char pat[] = \"ABCD\";\n   search(pat, txt);\n   return 0;\n}", "comment": "/* Driver program to test above function */", "problem_desc": "Optimized Naive Algorithm for Pattern Searching", "snippet": "int main()\n{\n char txt[] = \"ABCEABCDABCEABCD\";\n char pat[] = \"ABCD\";\n search(pat, txt);\n return 0;\n}", "tokens": ["int", "main", "(", ")", "{", "char", "txt", "[", "]", "=", "\" ABCEABCDABCEABCD \"", ";", "char", "pat", "[", "]", "=", "\" ABCD \"", ";", "search", "(", "pat", ",", "txt", ")", ";", "return", "0", ";", "}"], "comment_tokens": ["Driver", "program", "to", "test", "above", "function"], "desc_tokens": ["Optimized", "Naive", "Algorithm", "for", "Pattern", "Searching"]}
