{"idx": "1976-C-2", "code": "\n\nint power(int x, unsigned int y)\n{\n    if (y == 0)\n        return 1;\n    else if (y%2 == 0)\n        return power(x, y/2)*power(x, y/2);\n    else\n        return x*power(x, y/2)*power(x, y/2);\n}\n", "comment": "/* Function to calculate x raised to the power y */", "problem_desc": "Write a program to calculate pow(x,n)", "snippet": "int power(int x, unsigned int y)\n{\nif (y == 0)\nreturn 1;\nelse if (y%2 == 0)\nreturn power(x, y/2)*power(x, y/2);\nelse\nreturn x*power(x, y/2)*power(x, y/2);\n}", "tokens": ["int", "power", "(", "int", "x", ",", "unsigned", "int", "y", ")", "{", "if", "(", "y", "==", "0", ")", "return", "1", ";", "else", "if", "(", "y", "%", "2", "==", "0", ")", "return", "power", "(", "x", ",", "y", "/", "2", ")", "*", "power", "(", "x", ",", "y", "/", "2", ")", ";", "else", "return", "x", "*", "power", "(", "x", ",", "y", "/", "2", ")", "*", "power", "(", "x", ",", "y", "/", "2", ")", ";", "}"], "comment_tokens": ["Function", "to", "calculate", "x", "raised", "to", "the", "power", "y"], "desc_tokens": ["Write", "a", "program", "to", "calculate", "pow", "(", "x", ",", "n", ")"]}
