{"idx": "1976-C-3", "code": "\n\nint main()\n{\n    int x = 2;\n    unsigned int y = 3;\n    printf(\"%d\", power(x, y));\n    return 0;\n}", "comment": "/* Program to test function power */", "problem_desc": "Write a program to calculate pow(x,n)", "snippet": "int main()\n{\nint x = 2;\nunsigned int y = 3;\nprintf(\"%d\", power(x, y));\nreturn 0;\n}", "tokens": ["int", "main", "(", ")", "{", "int", "x", "=", "2", ";", "unsigned", "int", "y", "=", "3", ";", "printf", "(", "\" % d \"", ",", "power", "(", "x", ",", "y", ")", ")", ";", "return", "0", ";", "}"], "comment_tokens": ["Program", "to", "test", "function", "power"], "desc_tokens": ["Write", "a", "program", "to", "calculate", "pow", "(", "x", ",", "n", ")"]}
