{"idx": "1978-C-1", "code": "\n\n#include<stdio.h>\nfloat power(float x, int y)\n{\n    float temp;\n    if( y == 0)\n       return 1;\n    temp = power(x, y/2);      \n    if (y%2 == 0)\n        return temp*temp;\n    else\n    {\n        if(y > 0)\n            return x*temp*temp;\n        else\n            return (temp*temp)/x;\n    }\n} \n", "comment": "/* Extended version of power function that can work\n for float x and negative y*/", "problem_desc": "Write a program to calculate pow(x,n)", "snippet": "#include<stdio.h>\nfloat power(float x, int y)\n{\nfloat temp;\nif( y == 0)\nreturn 1;\ntemp = power(x, y/2);\nif (y%2 == 0)\nreturn temp*temp;\nelse\n{\nif(y > 0)\nreturn x*temp*temp;\nelse\nreturn (temp*temp)/x;\n}\n} ", "tokens": ["#include", "<stdio.h>", "NEW_LINE", "float", "power", "(", "float", "x", ",", "int", "y", ")", "{", "float", "temp", ";", "if", "(", "y", "==", "0", ")", "return", "1", ";", "temp", "=", "power", "(", "x", ",", "y", "/", "2", ")", ";", "if", "(", "y", "%", "2", "==", "0", ")", "return", "temp", "*", "temp", ";", "else", "{", "if", "(", "y", ">", "0", ")", "return", "x", "*", "temp", "*", "temp", ";", "else", "return", "(", "temp", "*", "temp", ")", "/", "x", ";", "}", "}"], "comment_tokens": ["Extended", "version", "of", "power", "function", "that", "can", "work", "for", "float", "x", "and", "negative", "y"], "desc_tokens": ["Write", "a", "program", "to", "calculate", "pow", "(", "x", ",", "n", ")"]}
