{"idx": "1978-C-2", "code": "\n\nint main()\n{\n    float x = 2;\n    int y = -3;\n    printf(\"%f\", power(x, y));\n    return 0;\n}", "comment": "/* Program to test function power */", "problem_desc": "Write a program to calculate pow(x,n)", "snippet": "int main()\n{\nfloat x = 2;\nint y = -3;\nprintf(\"%f\", power(x, y));\nreturn 0;\n}", "tokens": ["int", "main", "(", ")", "{", "float", "x", "=", "2", ";", "int", "y", "=", "-3", ";", "printf", "(", "\" % f \"", ",", "power", "(", "x", ",", "y", ")", ")", ";", "return", "0", ";", "}"], "comment_tokens": ["Program", "to", "test", "function", "power"], "desc_tokens": ["Write", "a", "program", "to", "calculate", "pow", "(", "x", ",", "n", ")"]}
