{"idx": "1981-C-6", "code": "\n\n        if (ar1[i] <= ar2[j])\n        {\n            m1 = m2;  ", "comment": "/* equals sign because if two\n arrays have some common elements */", "problem_desc": "Median of two sorted arrays of same size", "snippet": "if (ar1[i] <= ar2[j])\n{\nm1 = m2; ", "tokens": ["if", "(", "ar1", "[", "i", "]", "<=", "ar2", "[", "j", "]", ")", "{", "m1", "=", "m2", ";"], "comment_tokens": ["equals", "sign", "because", "if", "two", "arrays", "have", "some", "common", "elements"], "desc_tokens": ["Median", "of", "two", "sorted", "arrays", "of", "same", "size"]}
