{"idx": "1981-C-3", "code": "\n\n    for (count = 0; count <= n; count++)\n    {\n        ", "comment": "/* Since there are 2n elements, median will be average\n of elements at index n-1 and n in the array obtained after\n merging ar1 and ar2 */", "problem_desc": "Median of two sorted arrays of same size", "snippet": "for (count = 0; count <= n; count++)\n{", "tokens": ["for", "(", "count", "=", "0", ";", "count", "<=", "n", ";", "count", "++", ")", "{"], "comment_tokens": ["Since", "there", "are", "2", "n", "elements", ",", "median", "will", "be", "average", "of", "elements", "at", "index", "n", "-", "1", "and", "n", "in", "the", "array", "obtained", "after", "merging", "ar1", "and", "ar2"], "desc_tokens": ["Median", "of", "two", "sorted", "arrays", "of", "same", "size"]}
