{"idx": "1981-C-8", "code": "\n\n            m2 = ar2[j];\n            j++;\n        }\n    }\n    return (m1 + m2)/2;\n}\n", "comment": "/* Store the prev median */", "problem_desc": "Median of two sorted arrays of same size", "snippet": "m2 = ar2[j];\nj++;\n}\n}\nreturn (m1 + m2)/2;\n}", "tokens": ["m2", "=", "ar2", "[", "j", "]", ";", "j", "++", ";", "}", "}", "return", "(", "m1", "+", "m2", ")", "/", "2", ";", "}"], "comment_tokens": ["Store", "the", "prev", "median"], "desc_tokens": ["Median", "of", "two", "sorted", "arrays", "of", "same", "size"]}
