{"idx": "1981-C-7", "code": "\n\n            m2 = ar1[i];\n            i++;\n        }\n        else\n        {\n            m1 = m2;  ", "comment": "/* Store the prev median */", "problem_desc": "Median of two sorted arrays of same size", "snippet": "m2 = ar1[i];\ni++;\n}\nelse\n{\nm1 = m2; ", "tokens": ["m2", "=", "ar1", "[", "i", "]", ";", "i", "++", ";", "}", "else", "{", "m1", "=", "m2", ";"], "comment_tokens": ["Store", "the", "prev", "median"], "desc_tokens": ["Median", "of", "two", "sorted", "arrays", "of", "same", "size"]}
