{"idx": "1981-C-5", "code": "\n\n        else if (j == n)\n        {\n            m1 = m2;\n            m2 = ar1[0];\n            break;\n        }\n         ", "comment": "/*Below is to handle case where all elements of ar2[] are\n smaller than smallest(or first) element of ar1[]*/", "problem_desc": "Median of two sorted arrays of same size", "snippet": "else if (j == n)\n{\nm1 = m2;\nm2 = ar1[0];\nbreak;\n}", "tokens": ["else", "if", "(", "j", "==", "n", ")", "{", "m1", "=", "m2", ";", "m2", "=", "ar1", "[", "0", "]", ";", "break", ";", "}"], "comment_tokens": ["Below", "is", "to", "handle", "case", "where", "all", "elements", "of", "ar2", "[", "]", "are", "smaller", "than", "smallest", "(", "or", "first", ")", "element", "of", "ar1", "[", "]"], "desc_tokens": ["Median", "of", "two", "sorted", "arrays", "of", "same", "size"]}
