{"idx": "1981-C-2", "code": "\n\nint getMedian(int ar1[], int ar2[], int n)\n{\n    int i = 0;  \n    int j = 0; \n    int count;\n    int m1 = -1, m2 = -1;", "comment": "/* This function returns median of ar1[] and ar2[].\n Assumptions in this function:\n Both ar1[] and ar2[] are sorted arrays\n Both have n elements */", "problem_desc": "Median of two sorted arrays of same size", "snippet": "int getMedian(int ar1[], int ar2[], int n)\n{\nint i = 0; \nint j = 0; \nint count;\nint m1 = -1, m2 = -1;", "tokens": ["int", "getMedian", "(", "int", "ar1", "[", "]", ",", "int", "ar2", "[", "]", ",", "int", "n", ")", "{", "int", "i", "=", "0", ";", "int", "j", "=", "0", ";", "int", "count", ";", "int", "m1", "=", "-1", ",", "m2", "=", "-1", ";"], "comment_tokens": ["This", "function", "returns", "median", "of", "ar1", "[", "]", "and", "ar2", "[", "]", ".", "Assumptions", "in", "this", "function", ":", "Both", "ar1", "[", "]", "and", "ar2", "[", "]", "are", "sorted", "arrays", "Both", "have", "n", "elements"], "desc_tokens": ["Median", "of", "two", "sorted", "arrays", "of", "same", "size"]}
