{"idx": "1981-C-4", "code": "\n\n        if (i == n)\n        {\n            m1 = m2;\n            m2 = ar2[0];\n            break;\n        }\n        ", "comment": "/*Below is to handle case where all elements of ar1[] are\n smaller than smallest(or first) element of ar2[]*/", "problem_desc": "Median of two sorted arrays of same size", "snippet": "if (i == n)\n{\nm1 = m2;\nm2 = ar2[0];\nbreak;\n}", "tokens": ["if", "(", "i", "==", "n", ")", "{", "m1", "=", "m2", ";", "m2", "=", "ar2", "[", "0", "]", ";", "break", ";", "}"], "comment_tokens": ["Below", "is", "to", "handle", "case", "where", "all", "elements", "of", "ar1", "[", "]", "are", "smaller", "than", "smallest", "(", "or", "first", ")", "element", "of", "ar2", "[", "]"], "desc_tokens": ["Median", "of", "two", "sorted", "arrays", "of", "same", "size"]}
