{"idx": "1994-C-5", "code": "\n\nint main()\n{\n    int x = 5;\n    if( isLucky(x) )\n        printf(\"%d is a lucky no.\", x);\n    else\n        printf(\"%d is not a lucky no.\", x);\n    getchar();\n}", "comment": "/*Driver function to test above function*/", "problem_desc": "Lucky Numbers", "snippet": "int main()\n{\nint x = 5;\nif( isLucky(x) )\nprintf(\"%d is a lucky no.\", x);\nelse\nprintf(\"%d is not a lucky no.\", x);\ngetchar();\n}", "tokens": ["int", "main", "(", ")", "{", "int", "x", "=", "5", ";", "if", "(", "isLucky", "(", "x", ")", ")", "printf", "(", "\" % d \u2581 is \u2581 a \u2581 lucky \u2581 no . \"", ",", "x", ")", ";", "else", "printf", "(", "\" % d \u2581 is \u2581 not \u2581 a \u2581 lucky \u2581 no . \"", ",", "x", ")", ";", "getchar", "(", ")", ";", "}"], "comment_tokens": ["Driver", "function", "to", "test", "above", "function"], "desc_tokens": ["Lucky", "Numbers"]}
