{"idx": "1994-C-2", "code": "\n\nbool isLucky(int n)\n{\n    static int counter = 2;\n    ", "comment": "/* Returns 1 if n is a lucky no. ohterwise returns 0*/", "problem_desc": "Lucky Numbers", "snippet": "bool isLucky(int n)\n{\nstatic int counter = 2;", "tokens": ["bool", "isLucky", "(", "int", "n", ")", "{", "static", "int", "counter", "=", "2", ";"], "comment_tokens": ["Returns", "1", "if", "n", "is", "a", "lucky", "no", ".", "ohterwise", "returns", "0"], "desc_tokens": ["Lucky", "Numbers"]}
