{"idx": "1994-C-4", "code": "\n\n    next_position -= next_position/counter;\n    counter++;\n    return isLucky(next_position);\n}\n", "comment": "/*calculate next position of input no*/", "problem_desc": "Lucky Numbers", "snippet": "next_position -= next_position/counter;\ncounter++;\nreturn isLucky(next_position);\n}", "tokens": ["next_position", "-=", "next_position", "/", "counter", ";", "counter", "++", ";", "return", "isLucky", "(", "next_position", ")", ";", "}"], "comment_tokens": ["calculate", "next", "position", "of", "input", "no"], "desc_tokens": ["Lucky", "Numbers"]}
