{"idx": "1994-C-3", "code": "\n\n    int next_position = n;\n    if(counter > n)\n        return 1;\n    if(n%counter == 0)\n        return 0;    \n    ", "comment": "/*variable next_position is just for readability of\n the program we can remove it and use n only */", "problem_desc": "Lucky Numbers", "snippet": "int next_position = n;\nif(counter > n)\nreturn 1;\nif(n%counter == 0)\nreturn 0;", "tokens": ["int", "next_position", "=", "n", ";", "if", "(", "counter", ">", "n", ")", "return", "1", ";", "if", "(", "n", "%", "counter", "==", "0", ")", "return", "0", ";"], "comment_tokens": ["variable", "next_position", "is", "just", "for", "readability", "of", "the", "program", "we", "can", "remove", "it", "and", "use", "n", "only"], "desc_tokens": ["Lucky", "Numbers"]}
