{"idx": "1996-C-5", "code": "\n\nint main()\n{\n    int n = 50;\n    printf(\"Square root of %d is %f\", n, squareRoot(n));\n    getchar();\n}", "comment": "/* Driver program to test above function*/", "problem_desc": "Babylonian method for square root", "snippet": "int main()\n{\nint n = 50;\nprintf(\"Square root of %d is %f\", n, squareRoot(n));\ngetchar();\n}", "tokens": ["int", "main", "(", ")", "{", "int", "n", "=", "50", ";", "printf", "(", "\" Square \u2581 root \u2581 of \u2581 % d \u2581 is \u2581 % f \"", ",", "n", ",", "squareRoot", "(", "n", ")", ")", ";", "getchar", "(", ")", ";", "}"], "comment_tokens": ["Driver", "program", "to", "test", "above", "function"], "desc_tokens": ["Babylonian", "method", "for", "square", "root"]}
