{"idx": "1996-C-3", "code": "\n\n    float x = n;\n    float y = 1;\n    float e = 0.000001; ", "comment": "/*We are using n itself as initial approximation\n This can definitely be improved */", "problem_desc": "Babylonian method for square root", "snippet": "float x = n;\nfloat y = 1;\nfloat e = 0.000001; ", "tokens": ["float", "x", "=", "n", ";", "float", "y", "=", "1", ";", "float", "e", "=", "0.000001", ";"], "comment_tokens": ["We", "are", "using", "n", "itself", "as", "initial", "approximation", "This", "can", "definitely", "be", "improved"], "desc_tokens": ["Babylonian", "method", "for", "square", "root"]}
