{"idx": "1998-C-2", "code": "\n\nint multiply(int x, int y)\n{\n   ", "comment": "/* function to multiply two numbers x and y*/", "problem_desc": "Multiply two integers without using multiplication, division and bitwise operators, and no loops", "snippet": "int multiply(int x, int y)\n{", "tokens": ["int", "multiply", "(", "int", "x", ",", "int", "y", ")", "{"], "comment_tokens": ["function", "to", "multiply", "two", "numbers", "x", "and", "y"], "desc_tokens": ["Multiply", "two", "integers", "without", "using", "multiplication", ",", "division", "and", "bitwise", "operators", ",", "and", "no", "loops"]}
