{"idx": "1998-C-6", "code": "\n\nint main()\n{\n  printf(\"\\n %d\", multiply(5, -11));\n  getchar();\n  return 0;\n}", "comment": "/*Driver Code*/", "problem_desc": "Multiply two integers without using multiplication, division and bitwise operators, and no loops", "snippet": "int main()\n{\n printf(\"\\n %d\", multiply(5, -11));\n getchar();\n return 0;\n}", "tokens": ["int", "main", "(", ")", "{", "printf", "(", "\"", "%", "d", "\"", ",", "multiply", "(", "5", ",", "-11", ")", ")", ";", "getchar", "(", ")", ";", "return", "0", ";", "}"], "comment_tokens": ["Driver", "Code"], "desc_tokens": ["Multiply", "two", "integers", "without", "using", "multiplication", ",", "division", "and", "bitwise", "operators", ",", "and", "no", "loops"]}
