{"idx": "1998-C-4", "code": "\n\n   if(y > 0 )\n     return (x + multiply(x, y-1));\n  ", "comment": "/* Add x one by one */", "problem_desc": "Multiply two integers without using multiplication, division and bitwise operators, and no loops", "snippet": " if(y > 0 )\nreturn (x + multiply(x, y-1));", "tokens": ["if", "(", "y", ">", "0", ")", "return", "(", "x", "+", "multiply", "(", "x", ",", "y", "-", "1", ")", ")", ";"], "comment_tokens": ["Add", "x", "one", "by", "one"], "desc_tokens": ["Multiply", "two", "integers", "without", "using", "multiplication", ",", "division", "and", "bitwise", "operators", ",", "and", "no", "loops"]}
