{"idx": "1998-C-3", "code": "\n\n   if(y == 0)\n     return 0;\n   ", "comment": "/* 0 multiplied with anything gives 0 */", "problem_desc": "Multiply two integers without using multiplication, division and bitwise operators, and no loops", "snippet": " if(y == 0)\nreturn 0;", "tokens": ["if", "(", "y", "==", "0", ")", "return", "0", ";"], "comment_tokens": ["0", "multiplied", "with", "anything", "gives", "0"], "desc_tokens": ["Multiply", "two", "integers", "without", "using", "multiplication", ",", "division", "and", "bitwise", "operators", ",", "and", "no", "loops"]}
