{"idx": "2000-C-2", "code": "\n\nint pow(int a, int b)\n{\n  if (b == 0)\n    return 1;\n  int answer = a;\n  int increment = a;\n  int i, j;\n  for(i = 1; i < b; i++)\n  {\n     for(j = 1; j < a; j++)\n     {\n        answer += increment;\n     }\n     increment = answer;\n  }\n  return answer;\n}", "comment": "/* Works only if a >= 0 and b >= 0 */", "problem_desc": "Write you own Power without using multiplication(*) and division(/) operators", "snippet": "int pow(int a, int b)\n{\n if (b == 0)\nreturn 1;\n int answer = a;\n int increment = a;\n int i, j;\n for(i = 1; i < b; i++)\n {\nfor(j = 1; j < a; j++)\n{\nanswer += increment;\n}\nincrement = answer;\n }\n return answer;\n}", "tokens": ["int", "pow", "(", "int", "a", ",", "int", "b", ")", "{", "if", "(", "b", "==", "0", ")", "return", "1", ";", "int", "answer", "=", "a", ";", "int", "increment", "=", "a", ";", "int", "i", ",", "j", ";", "for", "(", "i", "=", "1", ";", "i", "<", "b", ";", "i", "++", ")", "{", "for", "(", "j", "=", "1", ";", "j", "<", "a", ";", "j", "++", ")", "{", "answer", "+=", "increment", ";", "}", "increment", "=", "answer", ";", "}", "return", "answer", ";", "}"], "comment_tokens": ["Works", "only", "if", "a", ">=", "0", "and", "b", ">=", "0"], "desc_tokens": ["Write", "you", "own", "Power", "without", "using", "multiplication", "(", "*", ")", "and", "division", "(", "/", ")", "operators"]}
