{"idx": "2000-C-3", "code": "\n\nint main()\n{\n  printf(\"\\n %d\", pow(5, 3));\n  getchar();\n  return 0;\n}", "comment": "/* driver program to test above function */", "problem_desc": "Write you own Power without using multiplication(*) and division(/) operators", "snippet": "int main()\n{\n printf(\"\\n %d\", pow(5, 3));\n getchar();\n return 0;\n}", "tokens": ["int", "main", "(", ")", "{", "printf", "(", "\"", "%", "d", "\"", ",", "pow", "(", "5", ",", "3", ")", ")", ";", "getchar", "(", ")", ";", "return", "0", ";", "}"], "comment_tokens": ["driver", "program", "to", "test", "above", "function"], "desc_tokens": ["Write", "you", "own", "Power", "without", "using", "multiplication", "(", "*", ")", "and", "division", "(", "/", ")", "operators"]}
