{"idx": "2001-C-3", "code": "\n\nint pow(int a, int b)\n{\n   if(b)\n     return multiply(a, pow(a, b-1));\n   else\n    return 1;\n}   \n", "comment": "/* A recursive function to get a^b\n Works only if a >= 0 and b >= 0 */", "problem_desc": "Write you own Power without using multiplication(*) and division(/) operators", "snippet": "int pow(int a, int b)\n{\n if(b)\nreturn multiply(a, pow(a, b-1));\n else\nreturn 1;\n} ", "tokens": ["int", "pow", "(", "int", "a", ",", "int", "b", ")", "{", "if", "(", "b", ")", "return", "multiply", "(", "a", ",", "pow", "(", "a", ",", "b", "-", "1", ")", ")", ";", "else", "return", "1", ";", "}"], "comment_tokens": ["A", "recursive", "function", "to", "get", "a", "^", "b", "Works", "only", "if", "a", ">=", "0", "and", "b", ">=", "0"], "desc_tokens": ["Write", "you", "own", "Power", "without", "using", "multiplication", "(", "*", ")", "and", "division", "(", "/", ")", "operators"]}
