{"idx": "2011-C-3", "code": "\n\nvoid streamAvg(float arr[], int n)\n{\n    float avg = 0;\n    for (int i = 0; i < n; i++) {\n        avg = getAvg(arr[i]);\n        printf(\"Average of %d numbers is %f \\n\", i + 1, avg);\n    }\n    return;\n}\n", "comment": "/*Prints average of a stream of numbers*/", "problem_desc": "Average of a stream of numbers", "snippet": "void streamAvg(float arr[], int n)\n{\nfloat avg = 0;\nfor (int i = 0; i < n; i++) {\navg = getAvg(arr[i]);\nprintf(\"Average of %d numbers is %f \\n\", i + 1, avg);\n}\nreturn;\n}", "tokens": ["void", "streamAvg", "(", "float", "arr", "[", "]", ",", "int", "n", ")", "{", "float", "avg", "=", "0", ";", "for", "(", "int", "i", "=", "0", ";", "i", "<", "n", ";", "i", "++", ")", "{", "avg", "=", "getAvg", "(", "arr", "[", "i", "]", ")", ";", "printf", "(", "\" Average \u2581 of \u2581 % d \u2581 numbers \u2581 is \u2581 % f \u2581 STRNEWLINE \"", ",", "i", "+", "1", ",", "avg", ")", ";", "}", "return", ";", "}"], "comment_tokens": ["Prints", "average", "of", "a", "stream", "of", "numbers"], "desc_tokens": ["Average", "of", "a", "stream", "of", "numbers"]}
