{"idx": "2011-C-4", "code": "\n\nint main()\n{\n    float arr[] = { 10, 20, 30, 40, 50, 60 };\n    int n = sizeof(arr) / sizeof(arr[0]);\n    streamAvg(arr, n);\n    return 0;\n}", "comment": "/*Driver program to test above functions*/", "problem_desc": "Average of a stream of numbers", "snippet": "int main()\n{\nfloat arr[] = { 10, 20, 30, 40, 50, 60 };\nint n = sizeof(arr) / sizeof(arr[0]);\nstreamAvg(arr, n);\nreturn 0;\n}", "tokens": ["int", "main", "(", ")", "{", "float", "arr", "[", "]", "=", "{", "10", ",", "20", ",", "30", ",", "40", ",", "50", ",", "60", "}", ";", "int", "n", "=", "sizeof", "(", "arr", ")", "/", "sizeof", "(", "arr", "[", "0", "]", ")", ";", "streamAvg", "(", "arr", ",", "n", ")", ";", "return", "0", ";", "}"], "comment_tokens": ["Driver", "program", "to", "test", "above", "functions"], "desc_tokens": ["Average", "of", "a", "stream", "of", "numbers"]}
