{"idx": "2011-C-2", "code": "\n\nfloat getAvg(int x)\n{\n    static int sum, n;\n    sum += x;\n    return (((float)sum) / ++n);\n}\n", "comment": "/*Returns the new average after including x*/", "problem_desc": "Average of a stream of numbers", "snippet": "float getAvg(int x)\n{\nstatic int sum, n;\nsum += x;\nreturn (((float)sum) / ++n);\n}", "tokens": ["float", "getAvg", "(", "int", "x", ")", "{", "static", "int", "sum", ",", "n", ";", "sum", "+=", "x", ";", "return", "(", "(", "(", "float", ")", "sum", ")", "/", "++", "n", ")", ";", "}"], "comment_tokens": ["Returns", "the", "new", "average", "after", "including", "x"], "desc_tokens": ["Average", "of", "a", "stream", "of", "numbers"]}
