{"idx": "2012-C-5", "code": "\n\n    int msd = n/po;\n    if (msd != 3)\n", "comment": "/* find the most significant digit (msd is 5 for 578)*/", "problem_desc": "Count numbers that don't contain 3", "snippet": "int msd = n/po;\nif (msd != 3)", "tokens": ["int", "msd", "=", "n", "/", "po", ";", "if", "(", "msd", "!=", "3", ")"], "comment_tokens": ["find", "the", "most", "significant", "digit", "(", "msd", "is", "5", "for", "578", ")"], "desc_tokens": ["Count", "numbers", "that", "don", "'t contain 3"]}
