{"idx": "2012-C-2", "code": "\n\nint count(int n)\n{\n", "comment": "/* returns count of numbers which are in range from 1 to n and don't contain 3\n as a digit */", "problem_desc": "Count numbers that don't contain 3", "snippet": "int count(int n)\n{", "tokens": ["int", "count", "(", "int", "n", ")", "{"], "comment_tokens": ["returns", "count", "of", "numbers", "which", "are", "in", "range", "from", "1", "to", "n", "and", "don", "'t contain 3  as a digit "], "desc_tokens": ["Count", "numbers", "that", "don", "'t contain 3"]}
