{"idx": "2012-C-3", "code": "\n\n    if (n < 3)\n        return n;\n    if (n >= 3 && n < 10)\n       return n-1;\n", "comment": "/* Base cases (Assuming n is not negative)*/", "problem_desc": "Count numbers that don't contain 3", "snippet": "if (n < 3)\nreturn n;\nif (n >= 3 && n < 10)\nreturn n-1;", "tokens": ["if", "(", "n", "<", "3", ")", "return", "n", ";", "if", "(", "n", ">=", "3", "&&", "n", "<", "10", ")", "return", "n", "-", "1", ";"], "comment_tokens": ["Base", "cases", "(", "Assuming", "n", "is", "not", "negative", ")"], "desc_tokens": ["Count", "numbers", "that", "don", "'t contain 3"]}
