{"idx": "2012-C-6", "code": "\n\n      return count(msd)*count(po - 1) + count(msd) + count(n%po);\n    else\n", "comment": "/* For 578, total will be 4*count(10^2 - 1) + 4 + count(78)*/", "problem_desc": "Count numbers that don't contain 3", "snippet": "return count(msd)*count(po - 1) + count(msd) + count(n%po);\nelse", "tokens": ["return", "count", "(", "msd", ")", "*", "count", "(", "po", "-", "1", ")", "+", "count", "(", "msd", ")", "+", "count", "(", "n", "%", "po", ")", ";", "else"], "comment_tokens": ["For", "578", ",", "total", "will", "be", "4", "*", "count", "(", "10", "^", "2", "-", "1", ")", "+", "4", "+", "count", "(", "78", ")"], "desc_tokens": ["Count", "numbers", "that", "don", "'t contain 3"]}
