{"idx": "2012-C-4", "code": "\n\n    int po = 1;\n    while (n/po > 9)\n        po = po*10;\n", "comment": "/* Calculate 10^(d-1) (10 raise to the power d-1) where d is\n number of digits in n. po will be 100 for n = 578*/", "problem_desc": "Count numbers that don't contain 3", "snippet": "int po = 1;\nwhile (n/po > 9)\npo = po*10;", "tokens": ["int", "po", "=", "1", ";", "while", "(", "n", "/", "po", ">", "9", ")", "po", "=", "po", "*", "10", ";"], "comment_tokens": ["Calculate", "10", "^", "(", "d", "-", "1", ")", "(", "10", "raise", "to", "the", "power", "d", "-", "1", ")", "where", "d", "is", "number", "of", "digits", "in", "n", ".", "po", "will", "be", "100", "for", "n", "=", "578"], "desc_tokens": ["Count", "numbers", "that", "don", "'t contain 3"]}
