{"idx": "2018-C-4", "code": "\n\nint findRank(char* str)\n{\n    int len = strlen(str);\n    int mul = fact(len);\n    int rank = 1;\n    int countRight;\n    int i;\n    for (i = 0; i < len; ++i) {\n        mul /= len - i;\n", "comment": "/*A function to find rank of a string in all permutations\nof characters*/", "problem_desc": "Lexicographic rank of a string", "snippet": "int findRank(char* str)\n{\nint len = strlen(str);\nint mul = fact(len);\nint rank = 1;\nint countRight;\nint i;\nfor (i = 0; i < len; ++i) {\nmul /= len - i;", "tokens": ["int", "findRank", "(", "char", "*", "str", ")", "{", "int", "len", "=", "strlen", "(", "str", ")", ";", "int", "mul", "=", "fact", "(", "len", ")", ";", "int", "rank", "=", "1", ";", "int", "countRight", ";", "int", "i", ";", "for", "(", "i", "=", "0", ";", "i", "<", "len", ";", "++", "i", ")", "{", "mul", "/=", "len", "-", "i", ";"], "comment_tokens": ["A", "function", "to", "find", "rank", "of", "a", "string", "in", "all", "permutations", "of", "characters"], "desc_tokens": ["Lexicographic", "rank", "of", "a", "string"]}
