{"idx": "2018-C-5", "code": "\n\n        countRight = findSmallerInRight(str, i, len - 1);\n        rank += countRight * mul;\n    }\n    return rank;\n}\n", "comment": "/* count number of chars smaller than str[i]\n fron str[i+1] to str[len-1]*/", "problem_desc": "Lexicographic rank of a string", "snippet": "countRight = findSmallerInRight(str, i, len - 1);\nrank += countRight * mul;\n}\nreturn rank;\n}", "tokens": ["countRight", "=", "findSmallerInRight", "(", "str", ",", "i", ",", "len", "-", "1", ")", ";", "rank", "+=", "countRight", "*", "mul", ";", "}", "return", "rank", ";", "}"], "comment_tokens": ["count", "number", "of", "chars", "smaller", "than", "str", "[", "i", "]", "fron", "str", "[", "i", "+", "1", "]", "to", "str", "[", "len", "-", "1", "]"], "desc_tokens": ["Lexicographic", "rank", "of", "a", "string"]}
