{"idx": "2018-C-6", "code": "\n\nint main()\n{\n    char str[] = \"string\";\n    printf(\"%d\", findRank(str));\n    return 0;\n}", "comment": "/*Driver program to test above function*/", "problem_desc": "Lexicographic rank of a string", "snippet": "int main()\n{\nchar str[] = \"string\";\nprintf(\"%d\", findRank(str));\nreturn 0;\n}", "tokens": ["int", "main", "(", ")", "{", "char", "str", "[", "]", "=", "\" string \"", ";", "printf", "(", "\" % d \"", ",", "findRank", "(", "str", ")", ")", ";", "return", "0", ";", "}"], "comment_tokens": ["Driver", "program", "to", "test", "above", "function"], "desc_tokens": ["Lexicographic", "rank", "of", "a", "string"]}
