{"idx": "2018-C-2", "code": "\n\nint fact(int n)\n{\n    return (n <= 1) ? 1 : n * fact(n - 1);\n}\n", "comment": "/*A utility function to find factorial of n*/", "problem_desc": "Lexicographic rank of a string", "snippet": "int fact(int n)\n{\nreturn (n <= 1) ? 1 : n * fact(n - 1);\n}", "tokens": ["int", "fact", "(", "int", "n", ")", "{", "return", "(", "n", "<=", "1", ")", "?", "1", ":", "n", "*", "fact", "(", "n", "-", "1", ")", ";", "}"], "comment_tokens": ["A", "utility", "function", "to", "find", "factorial", "of", "n"], "desc_tokens": ["Lexicographic", "rank", "of", "a", "string"]}
