{"idx": "2018-C-3", "code": "\n\nint findSmallerInRight(char* str, int low, int high)\n{\n    int countRight = 0, i;\n    for (i = low + 1; i <= high; ++i)\n        if (str[i] < str[low])\n            ++countRight;\n    return countRight;\n}\n", "comment": "/*A utility function to count smaller characters on right\nof arr[low]*/", "problem_desc": "Lexicographic rank of a string", "snippet": "int findSmallerInRight(char* str, int low, int high)\n{\nint countRight = 0, i;\nfor (i = low + 1; i <= high; ++i)\nif (str[i] < str[low])\n++countRight;\nreturn countRight;\n}", "tokens": ["int", "findSmallerInRight", "(", "char", "*", "str", ",", "int", "low", ",", "int", "high", ")", "{", "int", "countRight", "=", "0", ",", "i", ";", "for", "(", "i", "=", "low", "+", "1", ";", "i", "<=", "high", ";", "++", "i", ")", "if", "(", "str", "[", "i", "]", "<", "str", "[", "low", "]", ")", "++", "countRight", ";", "return", "countRight", ";", "}"], "comment_tokens": ["A", "utility", "function", "to", "count", "smaller", "characters", "on", "right", "of", "arr", "[", "low", "]"], "desc_tokens": ["Lexicographic", "rank", "of", "a", "string"]}
