{"idx": "2022-C-2", "code": "\n\nint binomialCoeff(int n, int k)\n{\n    int res = 1;\n", "comment": "/*Returns value of Binomial Coefficient C(n, k)*/", "problem_desc": "Space and time efficient Binomial Coefficient", "snippet": "int binomialCoeff(int n, int k)\n{\nint res = 1;", "tokens": ["int", "binomialCoeff", "(", "int", "n", ",", "int", "k", ")", "{", "int", "res", "=", "1", ";"], "comment_tokens": ["Returns", "value", "of", "Binomial", "Coefficient", "C", "(", "n", ",", "k", ")"], "desc_tokens": ["Space", "and", "time", "efficient", "Binomial", "Coefficient"]}
