{"idx": "2022-C-4", "code": "\n\n    for (int i = 0; i < k; ++i) {\n        res *= (n - i);\n        res /= (i + 1);\n    }\n    return res;\n}\n", "comment": "/* Calculate value of\n [n * (n-1) *---* (n-k+1)] / [k * (k-1) *----* 1]*/", "problem_desc": "Space and time efficient Binomial Coefficient", "snippet": "for (int i = 0; i < k; ++i) {\nres *= (n - i);\nres /= (i + 1);\n}\nreturn res;\n}", "tokens": ["for", "(", "int", "i", "=", "0", ";", "i", "<", "k", ";", "++", "i", ")", "{", "res", "*=", "(", "n", "-", "i", ")", ";", "res", "/=", "(", "i", "+", "1", ")", ";", "}", "return", "res", ";", "}"], "comment_tokens": ["Calculate", "value", "of", "[", "n", "*", "(", "n", "-", "1", ")", "*", "--", "-", "*", "(", "n", "-", "k", "+", "1", ")", "]", "/", "[", "k", "*", "(", "k", "-", "1", ")", "*", "--", "--", "*", "1", "]"], "desc_tokens": ["Space", "and", "time", "efficient", "Binomial", "Coefficient"]}
