{"idx": "2022-C-5", "code": "\n\nint main()\n{\n    int n = 8, k = 2;\n    printf(\n        \"Value of C(%d, %d) is %d \",\n        n, k, binomialCoeff(n, k));\n    return 0;\n}", "comment": "/* Driver program to test above function*/", "problem_desc": "Space and time efficient Binomial Coefficient", "snippet": "int main()\n{\nint n = 8, k = 2;\nprintf(\n\"Value of C(%d, %d) is %d \",\nn, k, binomialCoeff(n, k));\nreturn 0;\n}", "tokens": ["int", "main", "(", ")", "{", "int", "n", "=", "8", ",", "k", "=", "2", ";", "printf", "(", "\" Value \u2581 of \u2581 C ( % d , \u2581 % d ) \u2581 is \u2581 % d \u2581 \"", ",", "n", ",", "k", ",", "binomialCoeff", "(", "n", ",", "k", ")", ")", ";", "return", "0", ";", "}"], "comment_tokens": ["Driver", "program", "to", "test", "above", "function"], "desc_tokens": ["Space", "and", "time", "efficient", "Binomial", "Coefficient"]}
