{"idx": "2025-C-7", "code": "\n\n    else\n        arr[line][i] = arr[line-1][i-1] + arr[line-1][i];\n    printf(\"%d \", arr[line][i]);\n    }\n    printf(\"\\n\");\n}\n}\n", "comment": "/* Other values are sum of values just\n above and left of above*/", "problem_desc": "Pascal's Triangle", "snippet": "else\narr[line][i] = arr[line-1][i-1] + arr[line-1][i];\nprintf(\"%d \", arr[line][i]);\n}\nprintf(\"\\n\");\n}\n}", "tokens": ["else", "arr", "[", "line", "]", "[", "i", "]", "=", "arr", "[", "line", "-", "1", "]", "[", "i", "-", "1", "]", "+", "arr", "[", "line", "-", "1", "]", "[", "i", "]", ";", "printf", "(", "\" % d \u2581 \"", ",", "arr", "[", "line", "]", "[", "i", "]", ")", ";", "}", "printf", "(", "\" STRNEWLINE \"", ")", ";", "}", "}"], "comment_tokens": ["Other", "values", "are", "sum", "of", "values", "just", "above", "and", "left", "of", "above"], "desc_tokens": ["Pascal", "'s Triangle"]}
