{"idx": "2026-C-3", "code": "\n\nprintf(\"%d \", C); \n    C = C * (line - i) / i;\n    }\n    printf(\"\\n\");\n}\n}\n", "comment": "/*The first value in a line is always 1*/", "problem_desc": "Pascal's Triangle", "snippet": "printf(\"%d \", C); \nC = C * (line - i) / i;\n}\nprintf(\"\\n\");\n}\n}", "tokens": ["printf", "(", "\" % d \u2581 \"", ",", "C", ")", ";", "C", "=", "C", "*", "(", "line", "-", "i", ")", "/", "i", ";", "}", "printf", "(", "\" STRNEWLINE \"", ")", ";", "}", "}"], "comment_tokens": ["The", "first", "value", "in", "a", "line", "is", "always", "1"], "desc_tokens": ["Pascal", "'s Triangle"]}
