{"idx": "2026-C-1", "code": "\n\nvoid printPascal(int n)\n{\nfor (int line = 1; line <= n; line++)\n{\n", "comment": "/*C program for Pascals Triangle\nA O(n^2) time and O(1) extra space\nfunction for Pascal's Triangle*/", "problem_desc": "Pascal's Triangle", "snippet": "void printPascal(int n)\n{\nfor (int line = 1; line <= n; line++)\n{", "tokens": ["void", "printPascal", "(", "int", "n", ")", "{", "for", "(", "int", "line", "=", "1", ";", "line", "<=", "n", ";", "line", "++", ")", "{"], "comment_tokens": ["C", "program", "for", "Pascals", "Triangle", "A", "O", "(", "n", "^", "2", ")", "time", "and", "O", "(", "1", ")", "extra", "space", "function", "for", "Pascal", "'s Triangle"], "desc_tokens": ["Pascal", "'s Triangle"]}
