{"idx": "2028-C-4", "code": "\n\nint main()\n{\n    int n = 10;\n    float x = 1.0f;\n    printf(\"e^x = %f\", exponential(n, x));\n    return 0;\n}", "comment": "/*Driver program to test above function*/", "problem_desc": "Efficient program to calculate e^x", "snippet": "int main()\n{\nint n = 10;\nfloat x = 1.0f;\nprintf(\"e^x = %f\", exponential(n, x));\nreturn 0;\n}", "tokens": ["int", "main", "(", ")", "{", "int", "n", "=", "10", ";", "float", "x", "=", "1.0f", ";", "printf", "(", "\" e ^ x \u2581 = \u2581 % f \"", ",", "exponential", "(", "n", ",", "x", ")", ")", ";", "return", "0", ";", "}"], "comment_tokens": ["Driver", "program", "to", "test", "above", "function"], "desc_tokens": ["Efficient", "program", "to", "calculate", "e", "^", "x"]}
