{"idx": "2028-C-2", "code": "\n\nfloat exponential(int n, float x)\n{\n", "comment": "/*Returns approximate value of e^x\nusing sum of first n terms of Taylor Series*/", "problem_desc": "Efficient program to calculate e^x", "snippet": "float exponential(int n, float x)\n{", "tokens": ["float", "exponential", "(", "int", "n", ",", "float", "x", ")", "{"], "comment_tokens": ["Returns", "approximate", "value", "of", "e", "^", "x", "using", "sum", "of", "first", "n", "terms", "of", "Taylor", "Series"], "desc_tokens": ["Efficient", "program", "to", "calculate", "e", "^", "x"]}
