{"idx": "2030-C-2", "code": "\n\nvoid primeFactors(int n)\n{\n", "comment": "/*A function to print all prime factors of a given number n*/", "problem_desc": "Efficient program to print all prime factors of a given number", "snippet": "void primeFactors(int n)\n{", "tokens": ["void", "primeFactors", "(", "int", "n", ")", "{"], "comment_tokens": ["A", "function", "to", "print", "all", "prime", "factors", "of", "a", "given", "number", "n"], "desc_tokens": ["Efficient", "program", "to", "print", "all", "prime", "factors", "of", "a", "given", "number"]}
