{"idx": "2030-C-7", "code": "\n\nint main()\n{\n    int n = 315;\n    primeFactors(n);\n    return 0;\n}", "comment": "/* Driver program to test above function */", "problem_desc": "Efficient program to print all prime factors of a given number", "snippet": "int main()\n{\nint n = 315;\nprimeFactors(n);\nreturn 0;\n}", "tokens": ["int", "main", "(", ")", "{", "int", "n", "=", "315", ";", "primeFactors", "(", "n", ")", ";", "return", "0", ";", "}"], "comment_tokens": ["Driver", "program", "to", "test", "above", "function"], "desc_tokens": ["Efficient", "program", "to", "print", "all", "prime", "factors", "of", "a", "given", "number"]}
