{"idx": "2030-C-4", "code": "\n\n    for (int i = 3; i <= sqrt(n); i = i+2)\n    {\n", "comment": "/* n must be odd at this point. So we can skip\n one element (Note i = i +2)*/", "problem_desc": "Efficient program to print all prime factors of a given number", "snippet": "for (int i = 3; i <= sqrt(n); i = i+2)\n{", "tokens": ["for", "(", "int", "i", "=", "3", ";", "i", "<=", "sqrt", "(", "n", ")", ";", "i", "=", "i", "+", "2", ")", "{"], "comment_tokens": ["n", "must", "be", "odd", "at", "this", "point", ".", "So", "we", "can", "skip", "one", "element", "(", "Note", "i", "=", "i", "+", "2", ")"], "desc_tokens": ["Efficient", "program", "to", "print", "all", "prime", "factors", "of", "a", "given", "number"]}
