{"idx": "2030-C-3", "code": "\n\n    while (n%2 == 0)\n    {\n        printf(\"%d \", 2);\n        n = n/2;\n    }\n", "comment": "/* Print the number of 2s that divide n*/", "problem_desc": "Efficient program to print all prime factors of a given number", "snippet": "while (n%2 == 0)\n{\nprintf(\"%d \", 2);\nn = n/2;\n}", "tokens": ["while", "(", "n", "%", "2", "==", "0", ")", "{", "printf", "(", "\" % d \u2581 \"", ",", "2", ")", ";", "n", "=", "n", "/", "2", ";", "}"], "comment_tokens": ["Print", "the", "number", "of", "2", "s", "that", "divide", "n"], "desc_tokens": ["Efficient", "program", "to", "print", "all", "prime", "factors", "of", "a", "given", "number"]}
