{"idx": "2030-C-5", "code": "\n\n        while (n%i == 0)\n        {\n            printf(\"%d \", i);\n            n = n/i;\n        }\n    }\n", "comment": "/* While i divides n, print i and divide n*/", "problem_desc": "Efficient program to print all prime factors of a given number", "snippet": "while (n%i == 0)\n{\nprintf(\"%d \", i);\nn = n/i;\n}\n}", "tokens": ["while", "(", "n", "%", "i", "==", "0", ")", "{", "printf", "(", "\" % d \u2581 \"", ",", "i", ")", ";", "n", "=", "n", "/", "i", ";", "}", "}"], "comment_tokens": ["While", "i", "divides", "n", ",", "print", "i", "and", "divide", "n"], "desc_tokens": ["Efficient", "program", "to", "print", "all", "prime", "factors", "of", "a", "given", "number"]}
