{"idx": "2030-C-6", "code": "\n\n    if (n > 2)\n        printf (\"%d \", n);\n}\n", "comment": "/* This condition is to handle the case when n\n is a prime number greater than 2*/", "problem_desc": "Efficient program to print all prime factors of a given number", "snippet": "if (n > 2)\nprintf (\"%d \", n);\n}", "tokens": ["if", "(", "n", ">", "2", ")", "printf", "(", "\" % d \u2581 \"", ",", "n", ")", ";", "}"], "comment_tokens": ["This", "condition", "is", "to", "handle", "the", "case", "when", "n", "is", "a", "prime", "number", "greater", "than", "2"], "desc_tokens": ["Efficient", "program", "to", "print", "all", "prime", "factors", "of", "a", "given", "number"]}
