{"idx": "2031-C-5", "code": "\n\nvoid combinationUtil(int arr[], int data[], int start, int end,\n                     int index, int r)\n{\n", "comment": "/* arr[] ---> Input Array\n data[] ---> Temporary array to store current combination\n start & end ---> Staring and Ending indexes in arr[]\n index ---> Current index in data[]\n r ---> Size of a combination to be printed */", "problem_desc": "Print all possible combinations of r elements in a given array of size n", "snippet": "void combinationUtil(int arr[], int data[], int start, int end, int index, int r)\n{", "tokens": ["void", "combinationUtil", "(", "int", "arr", "[", "]", ",", "int", "data", "[", "]", ",", "int", "start", ",", "int", "end", ",", "int", "index", ",", "int", "r", ")", "{"], "comment_tokens": ["arr", "[", "]", "--", "->", "Input", "Array", "data", "[", "]", "--", "->", "Temporary", "array", "to", "store", "current", "combination", "start", "&", "end", "--", "->", "Staring", "and", "Ending", "indexes", "in", "arr", "[", "]", "index", "--", "->", "Current", "index", "in", "data", "[", "]", "r", "--", "->", "Size", "of", "a", "combination", "to", "be", "printed"], "desc_tokens": ["Print", "all", "possible", "combinations", "of", "r", "elements", "in", "a", "given", "array", "of", "size", "n"]}
