{"idx": "2031-C-4", "code": "\n\n    combinationUtil(arr, data, 0, n-1, 0, r);\n}\n", "comment": "/* Print all combination using temprary array 'data[]'*/", "problem_desc": "Print all possible combinations of r elements in a given array of size n", "snippet": "combinationUtil(arr, data, 0, n-1, 0, r);\n}", "tokens": ["combinationUtil", "(", "arr", ",", "data", ",", "0", ",", "n", "-", "1", ",", "0", ",", "r", ")", ";", "}"], "comment_tokens": ["Print", "all", "combination", "using", "temprary", "array", "' data [ ] '"], "desc_tokens": ["Print", "all", "possible", "combinations", "of", "r", "elements", "in", "a", "given", "array", "of", "size", "n"]}
