{"idx": "2031-C-7", "code": "\n\n    for (int i=start; i<=end && end-i+1 >= r-index; i++)\n    {\n        data[index] = arr[i];\n        combinationUtil(arr, data, i+1, end, index+1, r);\n    }\n}\n", "comment": "/* replace index with all possible elements. The condition\n \"end-i+1 >= r-index\" makes sure that including one element\n at index will make a combination with remaining elements\n at remaining positions*/", "problem_desc": "Print all possible combinations of r elements in a given array of size n", "snippet": "for (int i=start; i<=end && end-i+1 >= r-index; i++)\n{\ndata[index] = arr[i];\ncombinationUtil(arr, data, i+1, end, index+1, r);\n}\n}", "tokens": ["for", "(", "int", "i", "=", "start", ";", "i", "<=", "end", "&&", "end", "-", "i", "+", "1", ">=", "r", "-", "index", ";", "i", "++", ")", "{", "data", "[", "index", "]", "=", "arr", "[", "i", "]", ";", "combinationUtil", "(", "arr", ",", "data", ",", "i", "+", "1", ",", "end", ",", "index", "+", "1", ",", "r", ")", ";", "}", "}"], "comment_tokens": ["replace", "index", "with", "all", "possible", "elements", ".", "The", "condition", "\" end - i + 1 \u2581 > = \u2581 r - index \"", "makes", "sure", "that", "including", "one", "element", "at", "index", "will", "make", "a", "combination", "with", "remaining", "elements", "at", "remaining", "positions"], "desc_tokens": ["Print", "all", "possible", "combinations", "of", "r", "elements", "in", "a", "given", "array", "of", "size", "n"]}
