{"idx": "2031-C-8", "code": "\n\nint main()\n{\n    int arr[] = {1, 2, 3, 4, 5};\n    int r = 3;\n    int n = sizeof(arr)/sizeof(arr[0]);\n    printCombination(arr, n, r);\n}", "comment": "/*Driver program to test above functions*/", "problem_desc": "Print all possible combinations of r elements in a given array of size n", "snippet": "int main()\n{\nint arr[] = {1, 2, 3, 4, 5};\nint r = 3;\nint n = sizeof(arr)/sizeof(arr[0]);\nprintCombination(arr, n, r);\n}", "tokens": ["int", "main", "(", ")", "{", "int", "arr", "[", "]", "=", "{", "1", ",", "2", ",", "3", ",", "4", ",", "5", "}", ";", "int", "r", "=", "3", ";", "int", "n", "=", "sizeof", "(", "arr", ")", "/", "sizeof", "(", "arr", "[", "0", "]", ")", ";", "printCombination", "(", "arr", ",", "n", ",", "r", ")", ";", "}"], "comment_tokens": ["Driver", "program", "to", "test", "above", "functions"], "desc_tokens": ["Print", "all", "possible", "combinations", "of", "r", "elements", "in", "a", "given", "array", "of", "size", "n"]}
