{"idx": "2031-C-2", "code": "\n\nvoid printCombination(int arr[], int n, int r)\n{\n", "comment": "/*The main function that prints all combinations of size r\nin arr[] of size n. This function mainly uses combinationUtil()*/", "problem_desc": "Print all possible combinations of r elements in a given array of size n", "snippet": "void printCombination(int arr[], int n, int r)\n{", "tokens": ["void", "printCombination", "(", "int", "arr", "[", "]", ",", "int", "n", ",", "int", "r", ")", "{"], "comment_tokens": ["The", "main", "function", "that", "prints", "all", "combinations", "of", "size", "r", "in", "arr", "[", "]", "of", "size", "n", ".", "This", "function", "mainly", "uses", "combinationUtil", "(", ")"], "desc_tokens": ["Print", "all", "possible", "combinations", "of", "r", "elements", "in", "a", "given", "array", "of", "size", "n"]}
