{"idx": "2032-C-9", "code": "\n\n    combinationUtil(arr, n, r, index, data, i+1);\n}\n", "comment": "/* current is excluded, replace it with next (Note that i+1 is passed, but index is not changed)*/", "problem_desc": "Print all possible combinations of r elements in a given array of size n", "snippet": "combinationUtil(arr, n, r, index, data, i+1);\n}", "tokens": ["combinationUtil", "(", "arr", ",", "n", ",", "r", ",", "index", ",", "data", ",", "i", "+", "1", ")", ";", "}"], "comment_tokens": ["current", "is", "excluded", ",", "replace", "it", "with", "next", "(", "Note", "that", "i", "+", "1", "is", "passed", ",", "but", "index", "is", "not", "changed", ")"], "desc_tokens": ["Print", "all", "possible", "combinations", "of", "r", "elements", "in", "a", "given", "array", "of", "size", "n"]}
