{"idx": "2032-C-4", "code": "\n\n    combinationUtil(arr, n, r, 0, data, 0);\n}\n", "comment": "/* Print all combination using temprary array 'data[]'*/", "problem_desc": "Print all possible combinations of r elements in a given array of size n", "snippet": "combinationUtil(arr, n, r, 0, data, 0);\n}", "tokens": ["combinationUtil", "(", "arr", ",", "n", ",", "r", ",", "0", ",", "data", ",", "0", ")", ";", "}"], "comment_tokens": ["Print", "all", "combination", "using", "temprary", "array", "' data [ ] '"], "desc_tokens": ["Print", "all", "possible", "combinations", "of", "r", "elements", "in", "a", "given", "array", "of", "size", "n"]}
