{"idx": "2032-C-8", "code": "\n\n    data[index] = arr[i];\n    combinationUtil(arr, n, r, index+1, data, i+1);\n", "comment": "/* current is included, put next at next location*/", "problem_desc": "Print all possible combinations of r elements in a given array of size n", "snippet": "data[index] = arr[i];\ncombinationUtil(arr, n, r, index+1, data, i+1);", "tokens": ["data", "[", "index", "]", "=", "arr", "[", "i", "]", ";", "combinationUtil", "(", "arr", ",", "n", ",", "r", ",", "index", "+", "1", ",", "data", ",", "i", "+", "1", ")", ";"], "comment_tokens": ["current", "is", "included", ",", "put", "next", "at", "next", "location"], "desc_tokens": ["Print", "all", "possible", "combinations", "of", "r", "elements", "in", "a", "given", "array", "of", "size", "n"]}
