{"idx": "2032-C-7", "code": "\n\n    if (i >= n)\n        return;\n", "comment": "/* When no more elements are there to put in data[]*/", "problem_desc": "Print all possible combinations of r elements in a given array of size n", "snippet": "if (i >= n)\nreturn;", "tokens": ["if", "(", "i", ">=", "n", ")", "return", ";"], "comment_tokens": ["When", "no", "more", "elements", "are", "there", "to", "put", "in", "data", "[", "]"], "desc_tokens": ["Print", "all", "possible", "combinations", "of", "r", "elements", "in", "a", "given", "array", "of", "size", "n"]}
