{"idx": "2032-C-6", "code": "\n\n    if (index == r)\n    {\n        for (int j=0; j<r; j++)\n            printf(\"%d \",data[j]);\n        printf(\"\\n\");\n        return;\n    }\n", "comment": "/* Current cobination is ready, print it*/", "problem_desc": "Print all possible combinations of r elements in a given array of size n", "snippet": "if (index == r)\n{\nfor (int j=0; j<r; j++)\nprintf(\"%d \",data[j]);\nprintf(\"\\n\");\nreturn;\n}", "tokens": ["if", "(", "index", "==", "r", ")", "{", "for", "(", "int", "j", "=", "0", ";", "j", "<", "r", ";", "j", "++", ")", "printf", "(", "\" % d \u2581 \"", ",", "data", "[", "j", "]", ")", ";", "printf", "(", "\" STRNEWLINE \"", ")", ";", "return", ";", "}"], "comment_tokens": ["Current", "cobination", "is", "ready", ",", "print", "it"], "desc_tokens": ["Print", "all", "possible", "combinations", "of", "r", "elements", "in", "a", "given", "array", "of", "size", "n"]}
