{"idx": "2032-C-3", "code": "\n\n    int data[r];\n", "comment": "/* A temporary array to store all combination one by one*/", "problem_desc": "Print all possible combinations of r elements in a given array of size n", "snippet": "int data[r];", "tokens": ["int", "data", "[", "r", "]", ";"], "comment_tokens": ["A", "temporary", "array", "to", "store", "all", "combination", "one", "by", "one"], "desc_tokens": ["Print", "all", "possible", "combinations", "of", "r", "elements", "in", "a", "given", "array", "of", "size", "n"]}
