{"idx": "2032-C-5", "code": "\n\nvoid combinationUtil(int arr[], int n, int r, int index, int data[], int i)\n{\n", "comment": "/* arr[] ---> Input Array\n n ---> Size of input array\n r ---> Size of a combination to be printed\n index ---> Current index in data[]\n data[] ---> Temporary array to store current combination\n i ---> index of current element in arr[] */", "problem_desc": "Print all possible combinations of r elements in a given array of size n", "snippet": "void combinationUtil(int arr[], int n, int r, int index, int data[], int i)\n{", "tokens": ["void", "combinationUtil", "(", "int", "arr", "[", "]", ",", "int", "n", ",", "int", "r", ",", "int", "index", ",", "int", "data", "[", "]", ",", "int", "i", ")", "{"], "comment_tokens": ["arr", "[", "]", "--", "->", "Input", "Array", "n", "--", "->", "Size", "of", "input", "array", "r", "--", "->", "Size", "of", "a", "combination", "to", "be", "printed", "index", "--", "->", "Current", "index", "in", "data", "[", "]", "data", "[", "]", "--", "->", "Temporary", "array", "to", "store", "current", "combination", "i", "--", "->", "index", "of", "current", "element", "in", "arr", "[", "]"], "desc_tokens": ["Print", "all", "possible", "combinations", "of", "r", "elements", "in", "a", "given", "array", "of", "size", "n"]}
