{"idx": "2035-C-5", "code": "\n\n    for (i=0; i<n; i++)\n        c[arr[i]%3]++;\n", "comment": "/* Count elements with remainder 0, 1 and 2*/", "problem_desc": "Count all possible groups of size 2 or 3 that have sum as multiple of 3", "snippet": "for (i=0; i<n; i++)\nc[arr[i]%3]++;", "tokens": ["for", "(", "i", "=", "0", ";", "i", "<", "n", ";", "i", "++", ")", "c", "[", "arr", "[", "i", "]", "%", "3", "]", "++", ";"], "comment_tokens": ["Count", "elements", "with", "remainder", "0", ",", "1", "and", "2"], "desc_tokens": ["Count", "all", "possible", "groups", "of", "size", "2", "or", "3", "that", "have", "sum", "as", "multiple", "of", "3"]}
