{"idx": "2035-C-3", "code": "\n\n    int c[3] = {0}, i;\n", "comment": "/* Create an array C[3] to store counts of elements with remainder\n 0, 1 and 2. c[i] would store count of elements with remainder i*/", "problem_desc": "Count all possible groups of size 2 or 3 that have sum as multiple of 3", "snippet": "int c[3] = {0}, i;", "tokens": ["int", "c", "[", "3", "]", "=", "{", "0", "}", ",", "i", ";"], "comment_tokens": ["Create", "an", "array", "C", "[", "3", "]", "to", "store", "counts", "of", "elements", "with", "remainder", "0", ",", "1", "and", "2.", "c", "[", "i", "]", "would", "store", "count", "of", "elements", "with", "remainder", "i"], "desc_tokens": ["Count", "all", "possible", "groups", "of", "size", "2", "or", "3", "that", "have", "sum", "as", "multiple", "of", "3"]}
