{"idx": "2035-C-2", "code": "\n\nint findgroups(int arr[], int n)\n{\n", "comment": "/*Returns count of all possible groups that can be formed from elements\nof a[].*/", "problem_desc": "Count all possible groups of size 2 or 3 that have sum as multiple of 3", "snippet": "int findgroups(int arr[], int n)\n{", "tokens": ["int", "findgroups", "(", "int", "arr", "[", "]", ",", "int", "n", ")", "{"], "comment_tokens": ["Returns", "count", "of", "all", "possible", "groups", "that", "can", "be", "formed", "from", "elements", "of", "a", "[", "]", "."], "desc_tokens": ["Count", "all", "possible", "groups", "of", "size", "2", "or", "3", "that", "have", "sum", "as", "multiple", "of", "3"]}
