{"idx": "2035-C-7", "code": "\n\n    res += c[1] * c[2];\n", "comment": "/* Case 3.b: Count groups of size 2 with one element with 1\n remainder and other with 2 remainder*/", "problem_desc": "Count all possible groups of size 2 or 3 that have sum as multiple of 3", "snippet": "res += c[1] * c[2];", "tokens": ["res", "+=", "c", "[", "1", "]", "*", "c", "[", "2", "]", ";"], "comment_tokens": ["Case", "3.", "b", ":", "Count", "groups", "of", "size", "2", "with", "one", "element", "with", "1", "remainder", "and", "other", "with", "2", "remainder"], "desc_tokens": ["Count", "all", "possible", "groups", "of", "size", "2", "or", "3", "that", "have", "sum", "as", "multiple", "of", "3"]}
