{"idx": "2035-C-10", "code": "\n\n    res += ((c[2]*(c[2]-1)*(c[2]-2))/6);\n", "comment": "/* Case 4.c: Count groups of size 3 with all 2 remainder elements*/", "problem_desc": "Count all possible groups of size 2 or 3 that have sum as multiple of 3", "snippet": "res += ((c[2]*(c[2]-1)*(c[2]-2))/6);", "tokens": ["res", "+=", "(", "(", "c", "[", "2", "]", "*", "(", "c", "[", "2", "]", "-", "1", ")", "*", "(", "c", "[", "2", "]", "-", "2", ")", ")", "/", "6", ")", ";"], "comment_tokens": ["Case", "4.", "c", ":", "Count", "groups", "of", "size", "3", "with", "all", "2", "remainder", "elements"], "desc_tokens": ["Count", "all", "possible", "groups", "of", "size", "2", "or", "3", "that", "have", "sum", "as", "multiple", "of", "3"]}
