{"idx": "2035-C-8", "code": "\n\n    res += (c[0] * (c[0]-1) * (c[0]-2))/6;\n", "comment": "/* Case 4.a: Count groups of size 3 with all 0 remainder elements*/", "problem_desc": "Count all possible groups of size 2 or 3 that have sum as multiple of 3", "snippet": "res += (c[0] * (c[0]-1) * (c[0]-2))/6;", "tokens": ["res", "+=", "(", "c", "[", "0", "]", "*", "(", "c", "[", "0", "]", "-", "1", ")", "*", "(", "c", "[", "0", "]", "-", "2", ")", ")", "/", "6", ";"], "comment_tokens": ["Case", "4.", "a", ":", "Count", "groups", "of", "size", "3", "with", "all", "0", "remainder", "elements"], "desc_tokens": ["Count", "all", "possible", "groups", "of", "size", "2", "or", "3", "that", "have", "sum", "as", "multiple", "of", "3"]}
