{"idx": "2035-C-6", "code": "\n\n    res += ((c[0]*(c[0]-1))>>1);\n", "comment": "/* Case 3.a: Count groups of size 2 from 0 remainder elements*/", "problem_desc": "Count all possible groups of size 2 or 3 that have sum as multiple of 3", "snippet": "res += ((c[0]*(c[0]-1))>>1);", "tokens": ["res", "+=", "(", "(", "c", "[", "0", "]", "*", "(", "c", "[", "0", "]", "-", "1", ")", ")", ">>", "1", ")", ";"], "comment_tokens": ["Case", "3.", "a", ":", "Count", "groups", "of", "size", "2", "from", "0", "remainder", "elements"], "desc_tokens": ["Count", "all", "possible", "groups", "of", "size", "2", "or", "3", "that", "have", "sum", "as", "multiple", "of", "3"]}
