{"idx": "2035-C-13", "code": "\n\nint main()\n{\n    int arr[] = {3, 6, 7, 2, 9};\n    int n = sizeof(arr)/sizeof(arr[0]);\n    printf(\"Required number of groups are %d\\n\", findgroups(arr,n));\n    return 0;\n}", "comment": "/*Driver program to test above functions*/", "problem_desc": "Count all possible groups of size 2 or 3 that have sum as multiple of 3", "snippet": "int main()\n{\nint arr[] = {3, 6, 7, 2, 9};\nint n = sizeof(arr)/sizeof(arr[0]);\nprintf(\"Required number of groups are %d\\n\", findgroups(arr,n));\nreturn 0;\n}", "tokens": ["int", "main", "(", ")", "{", "int", "arr", "[", "]", "=", "{", "3", ",", "6", ",", "7", ",", "2", ",", "9", "}", ";", "int", "n", "=", "sizeof", "(", "arr", ")", "/", "sizeof", "(", "arr", "[", "0", "]", ")", ";", "printf", "(", "\" Required \u2581 number \u2581 of \u2581 groups \u2581 are \u2581 % d STRNEWLINE \"", ",", "findgroups", "(", "arr", ",", "n", ")", ")", ";", "return", "0", ";", "}"], "comment_tokens": ["Driver", "program", "to", "test", "above", "functions"], "desc_tokens": ["Count", "all", "possible", "groups", "of", "size", "2", "or", "3", "that", "have", "sum", "as", "multiple", "of", "3"]}
