{"idx": "2048-C-7", "code": "\n\n    angle = min(360-angle, angle);\n    return angle;\n}\n", "comment": "/* Return the smaller angle of two possible angles*/", "problem_desc": "Calculate the angle between hour hand and minute hand", "snippet": "angle = min(360-angle, angle);\nreturn angle;\n}", "tokens": ["angle", "=", "min", "(", "360", "-", "angle", ",", "angle", ")", ";", "return", "angle", ";", "}"], "comment_tokens": ["Return", "the", "smaller", "angle", "of", "two", "possible", "angles"], "desc_tokens": ["Calculate", "the", "angle", "between", "hour", "hand", "and", "minute", "hand"]}
