{"idx": "2048-C-6", "code": "\n\n    int angle = abs(hour_angle - minute_angle);\n", "comment": "/* Find the difference between two angles*/", "problem_desc": "Calculate the angle between hour hand and minute hand", "snippet": "int angle = abs(hour_angle - minute_angle);", "tokens": ["int", "angle", "=", "abs", "(", "hour_angle", "-", "minute_angle", ")", ";"], "comment_tokens": ["Find", "the", "difference", "between", "two", "angles"], "desc_tokens": ["Calculate", "the", "angle", "between", "hour", "hand", "and", "minute", "hand"]}
