{"idx": "2048-C-4", "code": "\n\n    if (h <0 || m < 0 || h >12 || m > 60)\n        printf(\"Wrong input\");\n    if (h == 12) h = 0;\n    if (m == 60)\n     {\n      m = 0;\n      h += 1;\n       if(h>12)\n        h = h-12;\n     }\n", "comment": "/* validate the input*/", "problem_desc": "Calculate the angle between hour hand and minute hand", "snippet": "if (h <0 m < 0 h >12 m > 60)\nprintf(\"Wrong input\");\nif (h == 12) h = 0;\nif (m == 60)\n{\nm = 0;\nh += 1;\nif(h>12)\nh = h-12;\n}", "tokens": ["if", "(", "h", "<", "0", "m", "<", "0", "h", ">", "12", "m", ">", "60", ")", "printf", "(", "\" Wrong \u2581 input \"", ")", ";", "if", "(", "h", "==", "12", ")", "h", "=", "0", ";", "if", "(", "m", "==", "60", ")", "{", "m", "=", "0", ";", "h", "+=", "1", ";", "if", "(", "h", ">", "12", ")", "h", "=", "h", "-", "12", ";", "}"], "comment_tokens": ["validate", "the", "input"], "desc_tokens": ["Calculate", "the", "angle", "between", "hour", "hand", "and", "minute", "hand"]}
