{"idx": "2048-C-8", "code": "\n\nint main()\n{\n    printf(\"%d n\", calcAngle(9, 60));\n    printf(\"%d n\", calcAngle(3, 30));\n    return 0;\n}", "comment": "/*Driver Code*/", "problem_desc": "Calculate the angle between hour hand and minute hand", "snippet": "int main()\n{\nprintf(\"%d n\", calcAngle(9, 60));\nprintf(\"%d n\", calcAngle(3, 30));\nreturn 0;\n}", "tokens": ["int", "main", "(", ")", "{", "printf", "(", "\" % d \u2581 n \"", ",", "calcAngle", "(", "9", ",", "60", ")", ")", ";", "printf", "(", "\" % d \u2581 n \"", ",", "calcAngle", "(", "3", ",", "30", ")", ")", ";", "return", "0", ";", "}"], "comment_tokens": ["Driver", "Code"], "desc_tokens": ["Calculate", "the", "angle", "between", "hour", "hand", "and", "minute", "hand"]}
