{"idx": "2048-C-5", "code": "\n\n    int hour_angle = 0.5 * (h*60 + m);\n    int minute_angle = 6*m;\n", "comment": "/* Calculate the angles moved by hour and minute hands\n with reference to 12:00*/", "problem_desc": "Calculate the angle between hour hand and minute hand", "snippet": "int hour_angle = 0.5 * (h*60 + m);\nint minute_angle = 6*m;", "tokens": ["int", "hour_angle", "=", "0.5", "*", "(", "h", "*", "60", "+", "m", ")", ";", "int", "minute_angle", "=", "6", "*", "m", ";"], "comment_tokens": ["Calculate", "the", "angles", "moved", "by", "hour", "and", "minute", "hands", "with", "reference", "to", "12", ":", "00"], "desc_tokens": ["Calculate", "the", "angle", "between", "hour", "hand", "and", "minute", "hand"]}
