{"idx": "2065-C-3", "code": "\n\n        twos = twos | (ones & arr[i]);\n        ", "comment": "/* The expression \"one & arr[i]\" gives the bits that are\n there in both 'ones' and new element from arr[]. We\n add these bits to 'twos' using bitwise OR\n Value of 'twos' will be set as 0, 3, 3 and 1 after 1st,\n 2nd, 3rd and 4th iterations respectively */", "problem_desc": "Find the element that appears once", "snippet": "twos = twos | (ones & arr[i]);", "tokens": ["twos", "=", "twos", "|", "(", "ones", "&", "arr", "[", "i", "]", ")", ";"], "comment_tokens": ["The", "expression", "\" one \u2581 & \u2581 arr [ i ] \"", "gives", "the", "bits", "that", "are", "there", "in", "both", "' ones '", "and", "new", "element", "from", "arr", "[", "]", ".", "We", "add", "these", "bits", "to", "' twos '", "using", "bitwise", "OR", "Value", "of", "' twos '", "will", "be", "set", "as", "0", ",", "3", ",", "3", "and", "1", "after", "1", "st", ",", "2", "nd", ",", "3", "rd", "and", "4", "th", "iterations", "respectively"], "desc_tokens": ["Find", "the", "element", "that", "appears", "once"]}
