{"idx": "2065-C-6", "code": "\n\n        ones &= common_bit_mask;\n        ", "comment": "/* Remove common bits (the bits that appear third time) from 'ones'\n Value of 'ones' will be set as 3, 0, 0 and 2 after 1st,\n 2nd, 3rd and 4th iterations respectively */", "problem_desc": "Find the element that appears once", "snippet": "ones &= common_bit_mask;", "tokens": ["ones", "&=", "common_bit_mask", ";"], "comment_tokens": ["Remove", "common", "bits", "(", "the", "bits", "that", "appear", "third", "time", ")", "from", "' ones '", "Value", "of", "' ones '", "will", "be", "set", "as", "3", ",", "0", ",", "0", "and", "2", "after", "1", "st", ",", "2", "nd", ",", "3", "rd", "and", "4", "th", "iterations", "respectively"], "desc_tokens": ["Find", "the", "element", "that", "appears", "once"]}
