{"idx": "2065-C-4", "code": "\n\n        ones = ones ^ arr[i];\n        ", "comment": "/* XOR the new bits with previous 'ones' to get all bits\n appearing odd number of times\n Value of 'ones' will be set as 3, 0, 2 and 3 after 1st,\n 2nd, 3rd and 4th iterations respectively */", "problem_desc": "Find the element that appears once", "snippet": "ones = ones ^ arr[i];", "tokens": ["ones", "=", "ones", "^", "arr", "[", "i", "]", ";"], "comment_tokens": ["XOR", "the", "new", "bits", "with", "previous", "' ones '", "to", "get", "all", "bits", "appearing", "odd", "number", "of", "times", "Value", "of", "' ones '", "will", "be", "set", "as", "3", ",", "0", ",", "2", "and", "3", "after", "1", "st", ",", "2", "nd", ",", "3", "rd", "and", "4", "th", "iterations", "respectively"], "desc_tokens": ["Find", "the", "element", "that", "appears", "once"]}
