{"idx": "2065-C-8", "code": "\n\n\nint main()\n{\n    int arr[] = { 3, 3, 2, 3 };\n    int n = sizeof(arr) / sizeof(arr[0]);\n    printf(\"The element with single occurrence is %d \",\n           getSingle(arr, n));\n    return 0;\n}", "comment": "/*Driver Code*/", "problem_desc": "Find the element that appears once", "snippet": "int main()\n{\nint arr[] = { 3, 3, 2, 3 };\nint n = sizeof(arr) / sizeof(arr[0]);\nprintf(\"The element with single occurrence is %d \",\ngetSingle(arr, n));\nreturn 0;\n}", "tokens": ["int", "main", "(", ")", "{", "int", "arr", "[", "]", "=", "{", "3", ",", "3", ",", "2", ",", "3", "}", ";", "int", "n", "=", "sizeof", "(", "arr", ")", "/", "sizeof", "(", "arr", "[", "0", "]", ")", ";", "printf", "(", "\" The \u2581 element \u2581 with \u2581 single \u2581 occurrence \u2581 is \u2581 % d \u2581 \"", ",", "getSingle", "(", "arr", ",", "n", ")", ")", ";", "return", "0", ";", "}"], "comment_tokens": ["Driver", "Code"], "desc_tokens": ["Find", "the", "element", "that", "appears", "once"]}
