{"idx": "2065-C-2", "code": "\n\nint getSingle(int arr[], int n)\n{\n    int ones = 0, twos = 0;\n    int common_bit_mask;\n    for (int i = 0; i < n; i++) {", "comment": "/* Method to find the element that occur only once*/", "problem_desc": "Find the element that appears once", "snippet": "int getSingle(int arr[], int n)\n{\nint ones = 0, twos = 0;\nint common_bit_mask;\nfor (int i = 0; i < n; i++) {", "tokens": ["int", "getSingle", "(", "int", "arr", "[", "]", ",", "int", "n", ")", "{", "int", "ones", "=", "0", ",", "twos", "=", "0", ";", "int", "common_bit_mask", ";", "for", "(", "int", "i", "=", "0", ";", "i", "<", "n", ";", "i", "++", ")", "{"], "comment_tokens": ["Method", "to", "find", "the", "element", "that", "occur", "only", "once"], "desc_tokens": ["Find", "the", "element", "that", "appears", "once"]}
