{"idx": "2065-C-5", "code": "\n\n        common_bit_mask = ~(ones & twos);\n        ", "comment": "/* The common bits are those bits which appear third time\n So these bits should not be there in both 'ones' and 'twos'.\n common_bit_mask contains all these bits as 0, so that the bits can\n be removed from 'ones' and 'twos' \n Value of 'common_bit_mask' will be set as 00, 00, 01 and 10\n after 1st, 2nd, 3rd and 4th iterations respectively */", "problem_desc": "Find the element that appears once", "snippet": "common_bit_mask = ~(ones & twos);", "tokens": ["common_bit_mask", "=", "~", "(", "ones", "&", "twos", ")", ";"], "comment_tokens": ["The", "common", "bits", "are", "those", "bits", "which", "appear", "third", "time", "So", "these", "bits", "should", "not", "be", "there", "in", "both", "' ones '", "and", "' twos '", ".", "common_bit_mask", "contains", "all", "these", "bits", "as", "0", ",", "so", "that", "the", "bits", "can", "be", "removed", "from", "' ones '", "and", "' twos '", "Value", "of", "' common _ bit _ mask '", "will", "be", "set", "as", "00", ",", "00", ",", "01", "and", "10", "after", "1", "st", ",", "2", "nd", ",", "3", "rd", "and", "4", "th", "iterations", "respectively"], "desc_tokens": ["Find", "the", "element", "that", "appears", "once"]}
