{"idx": "2066-C-1", "code": "\n\n#include <stdio.h>\n#define INT_SIZE 32\nint getSingle(int arr[], int n)\n{\n", "comment": "/*C program to find the element\nthat occur only once*/", "problem_desc": "Find the element that appears once", "snippet": "#include <stdio.h>\n#define INT_SIZE 32\nint getSingle(int arr[], int n)\n{", "tokens": ["#include", "<stdio.h>", "NEW_LINE", "#define", "INT_SIZE", " 32", "NEW_LINE", "int", "getSingle", "(", "int", "arr", "[", "]", ",", "int", "n", ")", "{"], "comment_tokens": ["C", "program", "to", "find", "the", "element", "that", "occur", "only", "once"], "desc_tokens": ["Find", "the", "element", "that", "appears", "once"]}
