{"idx": "2066-C-5", "code": "\n\n        if ((sum % 3) != 0)\n            result |= x;\n    }\n    return result;\n}\n", "comment": "/* The bits with sum not multiple of 3, are the\n bits of element with single occurrence.*/", "problem_desc": "Find the element that appears once", "snippet": "if ((sum % 3) != 0)\nresult |= x;\n}\nreturn result;\n}", "tokens": ["if", "(", "(", "sum", "%", "3", ")", "!=", "0", ")", "result", "|=", "x", ";", "}", "return", "result", ";", "}"], "comment_tokens": ["The", "bits", "with", "sum", "not", "multiple", "of", "3", ",", "are", "the", "bits", "of", "element", "with", "single", "occurrence", "."], "desc_tokens": ["Find", "the", "element", "that", "appears", "once"]}
