{"idx": "2076-C-7", "code": "\n\nint main()\n{\n    int res = swapBits(28, 0, 3, 2);\n    printf(\"\\nResult = %d \", res);\n    return 0;\n}", "comment": "/* Driver program to test above function*/", "problem_desc": "Swap bits in a given number", "snippet": "int main()\n{\nint res = swapBits(28, 0, 3, 2);\nprintf(\"\\nResult = %d \", res);\nreturn 0;\n}", "tokens": ["int", "main", "(", ")", "{", "int", "res", "=", "swapBits", "(", "28", ",", "0", ",", "3", ",", "2", ")", ";", "printf", "(", "\"", "Result", "=", "%", "d", "\"", ",", "res", ")", ";", "return", "0", ";", "}"], "comment_tokens": ["Driver", "program", "to", "test", "above", "function"], "desc_tokens": ["Swap", "bits", "in", "a", "given", "number"]}
