{"idx": "2076-C-1", "code": "\n\n#include <stdio.h>\nint swapBits(unsigned int x, unsigned int p1, unsigned int p2, unsigned int n)\n{\n    ", "comment": "/*C Program to swap bits\nin a given number*/", "problem_desc": "Swap bits in a given number", "snippet": "#include <stdio.h>\nint swapBits(unsigned int x, unsigned int p1, unsigned int p2, unsigned int n)\n{", "tokens": ["#include", "<stdio.h>", "NEW_LINE", "int", "swapBits", "(", "unsigned", "int", "x", ",", "unsigned", "int", "p1", ",", "unsigned", "int", "p2", ",", "unsigned", "int", "n", ")", "{"], "comment_tokens": ["C", "Program", "to", "swap", "bits", "in", "a", "given", "number"], "desc_tokens": ["Swap", "bits", "in", "a", "given", "number"]}
