{"idx": "2076-C-2", "code": "\n\n    unsigned int set1 = (x >> p1) & ((1U << n) - 1);\n    ", "comment": "/* Move all bits of first set to rightmost side */", "problem_desc": "Swap bits in a given number", "snippet": "unsigned int set1 = (x >> p1) & ((1U << n) - 1);", "tokens": ["unsigned", "int", "set1", "=", "(", "x", ">>", "p1", ")", "&", "(", "(", "1U", "<<", "n", ")", "-", "1", ")", ";"], "comment_tokens": ["Move", "all", "bits", "of", "first", "set", "to", "rightmost", "side"], "desc_tokens": ["Swap", "bits", "in", "a", "given", "number"]}
