{"idx": "2076-C-6", "code": "\n\n    unsigned int result = x ^ xor;\n    return result;\n}\n", "comment": "/* XOR the 'xor' with the original number so that the\n two sets are swapped */", "problem_desc": "Swap bits in a given number", "snippet": "unsigned int result = x ^ xor;\nreturn result;\n}", "tokens": ["unsigned", "int", "result", "=", "x", "^", "xor", ";", "return", "result", ";", "}"], "comment_tokens": ["XOR", "the", "' xor '", "with", "the", "original", "number", "so", "that", "the", "two", "sets", "are", "swapped"], "desc_tokens": ["Swap", "bits", "in", "a", "given", "number"]}
