{"idx": "2076-C-3", "code": "\n\n    unsigned int set2 = (x >> p2) & ((1U << n) - 1);\n    ", "comment": "/* Move all bits of second set to rightmost side */", "problem_desc": "Swap bits in a given number", "snippet": "unsigned int set2 = (x >> p2) & ((1U << n) - 1);", "tokens": ["unsigned", "int", "set2", "=", "(", "x", ">>", "p2", ")", "&", "(", "(", "1U", "<<", "n", ")", "-", "1", ")", ";"], "comment_tokens": ["Move", "all", "bits", "of", "second", "set", "to", "rightmost", "side"], "desc_tokens": ["Swap", "bits", "in", "a", "given", "number"]}
