{"idx": "2079-C-5", "code": "\n\n        y = carry << 1;\n    }\n    return x;\n}\n", "comment": "/* Carry is shifted by one so that adding\n it to x gives the required sum*/", "problem_desc": "Add two numbers without using arithmetic operators", "snippet": "y = carry << 1;\n}\nreturn x;\n}", "tokens": ["y", "=", "carry", "<<", "1", ";", "}", "return", "x", ";", "}"], "comment_tokens": ["Carry", "is", "shifted", "by", "one", "so", "that", "adding", "it", "to", "x", "gives", "the", "required", "sum"], "desc_tokens": ["Add", "two", "numbers", "without", "using", "arithmetic", "operators"]}
