{"idx": "2079-C-1", "code": "\n\n#include<stdio.h>\nint Add(int x, int y)\n{\n", "comment": "/*C Program to add two numbers\nwithout using arithmetic operator*/", "problem_desc": "Add two numbers without using arithmetic operators", "snippet": "#include<stdio.h>\nint Add(int x, int y)\n{", "tokens": ["#include", "<stdio.h>", "NEW_LINE", "int", "Add", "(", "int", "x", ",", "int", "y", ")", "{"], "comment_tokens": ["C", "Program", "to", "add", "two", "numbers", "without", "using", "arithmetic", "operator"], "desc_tokens": ["Add", "two", "numbers", "without", "using", "arithmetic", "operators"]}
