{"idx": "2079-C-6", "code": "\n\nint main()\n{\n    printf(\"%d\", Add(15, 32));\n    return 0;\n}", "comment": "/* Driver Code*/", "problem_desc": "Add two numbers without using arithmetic operators", "snippet": "int main()\n{\nprintf(\"%d\", Add(15, 32));\nreturn 0;\n}", "tokens": ["int", "main", "(", ")", "{", "printf", "(", "\" % d \"", ",", "Add", "(", "15", ",", "32", ")", ")", ";", "return", "0", ";", "}"], "comment_tokens": ["Driver", "Code"], "desc_tokens": ["Add", "two", "numbers", "without", "using", "arithmetic", "operators"]}
