{"idx": "2081-C-2", "code": "\n\nint main()\n{\n    int x = 12, y = 15, z = 5;\n    printf(\"Minimum of 3 numbers is %d\", smallest(x, y, z));\n    return 0;\n}", "comment": "/*Driver code*/", "problem_desc": "Smallest of three integers without comparison operators", "snippet": "int main()\n{\nint x = 12, y = 15, z = 5;\nprintf(\"Minimum of 3 numbers is %d\", smallest(x, y, z));\nreturn 0;\n}", "tokens": ["int", "main", "(", ")", "{", "int", "x", "=", "12", ",", "y", "=", "15", ",", "z", "=", "5", ";", "printf", "(", "\" Minimum \u2581 of \u2581 3 \u2581 numbers \u2581 is \u2581 % d \"", ",", "smallest", "(", "x", ",", "y", ",", "z", ")", ")", ";", "return", "0", ";", "}"], "comment_tokens": ["Driver", "code"], "desc_tokens": ["Smallest", "of", "three", "integers", "without", "comparison", "operators"]}
