{"idx": "2081-C-1", "code": "\n\n#include <stdio.h>\nint smallest(int x, int y, int z)\n{\n    int c = 0;\n    while (x && y && z) {\n        x--;\n        y--;\n        z--;\n        c++;\n    }\n    return c;\n}\n", "comment": "/*C program to find Smallest\nof three integers without\ncomparison operators*/", "problem_desc": "Smallest of three integers without comparison operators", "snippet": "#include <stdio.h>\nint smallest(int x, int y, int z)\n{\nint c = 0;\nwhile (x && y && z) {\nx--;\ny--;\nz--;\nc++;\n}\nreturn c;\n}", "tokens": ["#include", "<stdio.h>", "NEW_LINE", "int", "smallest", "(", "int", "x", ",", "int", "y", ",", "int", "z", ")", "{", "int", "c", "=", "0", ";", "while", "(", "x", "&&", "y", "&&", "z", ")", "{", "x", "--", ";", "y", "--", ";", "z", "--", ";", "c", "++", ";", "}", "return", "c", ";", "}"], "comment_tokens": ["C", "program", "to", "find", "Smallest", "of", "three", "integers", "without", "comparison", "operators"], "desc_tokens": ["Smallest", "of", "three", "integers", "without", "comparison", "operators"]}
