{"idx": "2090-C-2", "code": "\n\n    while( x & m )\n    {\n        x = x ^ m;\n        m <<= 1;\n    }\n", "comment": "/* Flip all the set bits\n until we find a 0*/", "problem_desc": "Add 1 to a given number", "snippet": "while( x & m )\n{\nx = x ^ m;\nm <<= 1;\n}", "tokens": ["while", "(", "x", "&", "m", ")", "{", "x", "=", "x", "^", "m", ";", "m", "<<=", "1", ";", "}"], "comment_tokens": ["Flip", "all", "the", "set", "bits", "until", "we", "find", "a", "0"], "desc_tokens": ["Add", "1", "to", "a", "given", "number"]}
