{"idx": "2090-C-1", "code": "\n\n#include <stdio.h>\nint addOne(int x)\n{\n    int m = 1;\n", "comment": "/*C++ code to add add\none to a given number*/", "problem_desc": "Add 1 to a given number", "snippet": "#include <stdio.h>\nint addOne(int x)\n{\nint m = 1;", "tokens": ["#include", "<stdio.h>", "NEW_LINE", "int", "addOne", "(", "int", "x", ")", "{", "int", "m", "=", "1", ";"], "comment_tokens": ["C", "++", "code", "to", "add", "add", "one", "to", "a", "given", "number"], "desc_tokens": ["Add", "1", "to", "a", "given", "number"]}
