{"idx": "2091-C-2", "code": "\n\nint main()\n{\n  printf(\"%d\", addOne(13));\n  getchar();\n  return 0;\n}", "comment": "/* Driver program to test above functions*/", "problem_desc": "Add 1 to a given number", "snippet": "int main()\n{\n printf(\"%d\", addOne(13));\n getchar();\n return 0;\n}", "tokens": ["int", "main", "(", ")", "{", "printf", "(", "\" % d \"", ",", "addOne", "(", "13", ")", ")", ";", "getchar", "(", ")", ";", "return", "0", ";", "}"], "comment_tokens": ["Driver", "program", "to", "test", "above", "functions"], "desc_tokens": ["Add", "1", "to", "a", "given", "number"]}
