{"idx": "2095-C-2", "code": "\n\nint fun(unsigned int n)\n{\n    return n & (n - 1);\n}\n", "comment": "/*unsets the rightmost set bit\nof n and returns the result*/", "problem_desc": "Turn off the rightmost set bit", "snippet": "int fun(unsigned int n)\n{\nreturn n & (n - 1);\n}", "tokens": ["int", "fun", "(", "unsigned", "int", "n", ")", "{", "return", "n", "&", "(", "n", "-", "1", ")", ";", "}"], "comment_tokens": ["unsets", "the", "rightmost", "set", "bit", "of", "n", "and", "returns", "the", "result"], "desc_tokens": ["Turn", "off", "the", "rightmost", "set", "bit"]}
