{"idx": "2096-C-2", "code": "\n\nbool isPowerOfFour(int n)\n{\n  if(n == 0)\n    return 0;\n  while(n != 1)\n  {   \n   if(n % 4 != 0)\n      return 0;\n    n = n / 4;     \n  }\n  return 1;\n}\n", "comment": "/* Function to check if x is power of 4*/", "problem_desc": "Find whether a given number is a power of 4 or not", "snippet": "bool isPowerOfFour(int n)\n{\n if(n == 0)\nreturn 0;\n while(n != 1)\n { \n if(n % 4 != 0)\nreturn 0;\nn = n / 4;\n }\n return 1;\n}", "tokens": ["bool", "isPowerOfFour", "(", "int", "n", ")", "{", "if", "(", "n", "==", "0", ")", "return", "0", ";", "while", "(", "n", "!=", "1", ")", "{", "if", "(", "n", "%", "4", "!=", "0", ")", "return", "0", ";", "n", "=", "n", "/", "4", ";", "}", "return", "1", ";", "}"], "comment_tokens": ["Function", "to", "check", "if", "x", "is", "power", "of", "4"], "desc_tokens": ["Find", "whether", "a", "given", "number", "is", "a", "power", "of", "4", "or", "not"]}
