{"idx": "2097-C-3", "code": "\n\n  if ( n && !(n&(n-1)) )\n  {\n     ", "comment": "/*Check if there is only one bit set in n*/", "problem_desc": "Find whether a given number is a power of 4 or not", "snippet": " if ( n && !(n&(n-1)) )\n {", "tokens": ["if", "(", "n", "&&", "!", "(", "n", "&", "(", "n", "-", "1", ")", ")", ")", "{"], "comment_tokens": ["Check", "if", "there", "is", "only", "one", "bit", "set", "in", "n"], "desc_tokens": ["Find", "whether", "a", "given", "number", "is", "a", "power", "of", "4", "or", "not"]}
