{"idx": "2097-C-4", "code": "\n\n     while(n > 1)\n     {\n       n  >>= 1;\n       count += 1;\n     }     \n    ", "comment": "/* count 0 bits before set bit */", "problem_desc": "Find whether a given number is a power of 4 or not", "snippet": "while(n > 1)\n{\nn >>= 1;\ncount += 1;\n}", "tokens": ["while", "(", "n", ">", "1", ")", "{", "n", ">>=", "1", ";", "count", "+=", "1", ";", "}"], "comment_tokens": ["count", "0", "bits", "before", "set", "bit"], "desc_tokens": ["Find", "whether", "a", "given", "number", "is", "a", "power", "of", "4", "or", "not"]}
