{"idx": "2097-C-5", "code": "\n\n    return (count%2 == 0)? 1 :0;\n  }\n  ", "comment": "/*If count is even then return true else false*/", "problem_desc": "Find whether a given number is a power of 4 or not", "snippet": "return (count%2 == 0)? 1 :0;\n }", "tokens": ["return", "(", "count", "%", "2", "==", "0", ")", "?", "1", ":", "0", ";", "}"], "comment_tokens": ["If", "count", "is", "even", "then", "return", "true", "else", "false"], "desc_tokens": ["Find", "whether", "a", "given", "number", "is", "a", "power", "of", "4", "or", "not"]}
