{"idx": "2097-C-2", "code": "\n\nbool isPowerOfFour(unsigned int n)\n{\n  int count = 0;\n  ", "comment": "/*Function to check if x is power of 4*/", "problem_desc": "Find whether a given number is a power of 4 or not", "snippet": "bool isPowerOfFour(unsigned int n)\n{\n int count = 0;", "tokens": ["bool", "isPowerOfFour", "(", "unsigned", "int", "n", ")", "{", "int", "count", "=", "0", ";"], "comment_tokens": ["Function", "to", "check", "if", "x", "is", "power", "of", "4"], "desc_tokens": ["Find", "whether", "a", "given", "number", "is", "a", "power", "of", "4", "or", "not"]}
