{"idx": "2097-C-7", "code": "\n\nint main()\n{\n   int test_no = 64;\n   if(isPowerOfFour(test_no))\n     printf(\"%d is a power of 4\", test_no);\n   else\n     printf(\"%d is not a power of 4\", test_no);\n   getchar();\n}", "comment": "/*Driver program to test above function*/", "problem_desc": "Find whether a given number is a power of 4 or not", "snippet": "int main()\n{\n int test_no = 64;\n if(isPowerOfFour(test_no))\nprintf(\"%d is a power of 4\", test_no);\n else\nprintf(\"%d is not a power of 4\", test_no);\n getchar();\n}", "tokens": ["int", "main", "(", ")", "{", "int", "test_no", "=", "64", ";", "if", "(", "isPowerOfFour", "(", "test_no", ")", ")", "printf", "(", "\" % d \u2581 is \u2581 a \u2581 power \u2581 of \u2581 4\"", ",", "test_no", ")", ";", "else", "printf", "(", "\" % d \u2581 is \u2581 not \u2581 a \u2581 power \u2581 of \u2581 4\"", ",", "test_no", ")", ";", "getchar", "(", ")", ";", "}"], "comment_tokens": ["Driver", "program", "to", "test", "above", "function"], "desc_tokens": ["Find", "whether", "a", "given", "number", "is", "a", "power", "of", "4", "or", "not"]}
