{"idx": "2103-C-3", "code": "\n\nint max(int x, int y)\n{\nreturn x ^ ((x ^ y) & -(x < y));\n}\n", "comment": "/*Function to find maximum of x and y*/", "problem_desc": "Compute the minimum or maximum of two integers without branching", "snippet": "int max(int x, int y)\n{\nreturn x ^ ((x ^ y) & -(x < y));\n}", "tokens": ["int", "max", "(", "int", "x", ",", "int", "y", ")", "{", "return", "x", "^", "(", "(", "x", "^", "y", ")", "&", "-", "(", "x", "<", "y", ")", ")", ";", "}"], "comment_tokens": ["Function", "to", "find", "maximum", "of", "x", "and", "y"], "desc_tokens": ["Compute", "the", "minimum", "or", "maximum", "of", "two", "integers", "without", "branching"]}
