{"idx": "2103-C-4", "code": "\n\nint main()\n{\nint x = 15;\nint y = 6;\nprintf(\"Minimum of %d and %d is \", x, y);\nprintf(\"%d\", min(x, y));\nprintf(\"\\nMaximum of %d and %d is \", x, y);\nprintf(\"%d\", max(x, y));\ngetchar();\n}", "comment": "/* Driver program to test above functions */", "problem_desc": "Compute the minimum or maximum of two integers without branching", "snippet": "int main()\n{\nint x = 15;\nint y = 6;\nprintf(\"Minimum of %d and %d is \", x, y);\nprintf(\"%d\", min(x, y));\nprintf(\"\\nMaximum of %d and %d is \", x, y);\nprintf(\"%d\", max(x, y));\ngetchar();\n}", "tokens": ["int", "main", "(", ")", "{", "int", "x", "=", "15", ";", "int", "y", "=", "6", ";", "printf", "(", "\" Minimum \u2581 of \u2581 % d \u2581 and \u2581 % d \u2581 is \u2581 \"", ",", "x", ",", "y", ")", ";", "printf", "(", "\" % d \"", ",", "min", "(", "x", ",", "y", ")", ")", ";", "printf", "(", "\"", "Maximum", "of", "%", "d", "and", "%", "d", "is", "\"", "printf", "(", "\" % d \"", ",", "max", "(", "x", ",", "y", ")", ")", ";", "getchar", "(", ")", ";", "}"], "comment_tokens": ["Driver", "program", "to", "test", "above", "functions"], "desc_tokens": ["Compute", "the", "minimum", "or", "maximum", "of", "two", "integers", "without", "branching"]}
