{"idx": "2103-C-2", "code": "\n\nint min(int x, int y)\n{\nreturn y ^ ((x ^ y) & -(x < y));\n}\n", "comment": "/*Function to find minimum of x and y*/", "problem_desc": "Compute the minimum or maximum of two integers without branching", "snippet": "int min(int x, int y)\n{\nreturn y ^ ((x ^ y) & -(x < y));\n}", "tokens": ["int", "min", "(", "int", "x", ",", "int", "y", ")", "{", "return", "y", "^", "(", "(", "x", "^", "y", ")", "&", "-", "(", "x", "<", "y", ")", ")", ";", "}"], "comment_tokens": ["Function", "to", "find", "minimum", "of", "x", "and", "y"], "desc_tokens": ["Compute", "the", "minimum", "or", "maximum", "of", "two", "integers", "without", "branching"]}
