{"idx": "2114-C-2", "code": "\n\nunsigned int countSetBits(unsigned int n)\n{\n    unsigned int count = 0;\n    while (n) {\n        count += n & 1;\n        n >>= 1;\n    }\n    return count;\n}\n", "comment": "/* Function to get no of set bits in binary\n representation of positive integer n */", "problem_desc": "Count set bits in an integer", "snippet": "unsigned int countSetBits(unsigned int n)\n{\nunsigned int count = 0;\nwhile (n) {\ncount += n & 1;\nn >>= 1;\n}\nreturn count;\n}", "tokens": ["unsigned", "int", "countSetBits", "(", "unsigned", "int", "n", ")", "{", "unsigned", "int", "count", "=", "0", ";", "while", "(", "n", ")", "{", "count", "+=", "n", "&", "1", ";", "n", ">>=", "1", ";", "}", "return", "count", ";", "}"], "comment_tokens": ["Function", "to", "get", "no", "of", "set", "bits", "in", "binary", "representation", "of", "positive", "integer", "n"], "desc_tokens": ["Count", "set", "bits", "in", "an", "integer"]}
