{"idx": "2114-C-3", "code": "\n\nint main()\n{\n    int i = 9;\n    printf(\"%d\", countSetBits(i));\n    return 0;\n}", "comment": "/* Program to test function countSetBits */", "problem_desc": "Count set bits in an integer", "snippet": "int main()\n{\nint i = 9;\nprintf(\"%d\", countSetBits(i));\nreturn 0;\n}", "tokens": ["int", "main", "(", ")", "{", "int", "i", "=", "9", ";", "printf", "(", "\" % d \"", ",", "countSetBits", "(", "i", ")", ")", ";", "return", "0", ";", "}"], "comment_tokens": ["Program", "to", "test", "function", "countSetBits"], "desc_tokens": ["Count", "set", "bits", "in", "an", "integer"]}
