{"idx": "2120-C-1", "code": "\n\n#include <stdio.h>\nint num_to_bits[16] = { 0, 1, 1, 2, 1, 2, 2, 3,\n                        1, 2, 2, 3, 2, 3, 3, 4 };\n", "comment": "/*C program to count set bits by pre-storing\ncount set bits in nibbles.*/", "problem_desc": "Count set bits in an integer", "snippet": "#include <stdio.h>\nint num_to_bits[16] = { 0, 1, 1, 2, 1, 2, 2, 3,\n1, 2, 2, 3, 2, 3, 3, 4 };", "tokens": ["#include", "<stdio.h>", "NEW_LINE", "int", "num_to_bits", "[", "16", "]", "=", "{", "0", ",", "1", ",", "1", ",", "2", ",", "1", ",", "2", ",", "2", ",", "3", ",", "1", ",", "2", ",", "2", ",", "3", ",", "2", ",", "3", ",", "3", ",", "4", "}", ";"], "comment_tokens": ["C", "program", "to", "count", "set", "bits", "by", "pre", "-", "storing", "count", "set", "bits", "in", "nibbles", "."], "desc_tokens": ["Count", "set", "bits", "in", "an", "integer"]}
