{"idx": "2120-C-2", "code": "\n\nunsigned int countSetBitsRec(unsigned int num)\n{\n    int nibble = 0;\n    if (0 == num)\n        return num_to_bits[0];\n", "comment": "/* Recursively get nibble of a given number\n and map them in the array */", "problem_desc": "Count set bits in an integer", "snippet": "unsigned int countSetBitsRec(unsigned int num)\n{\nint nibble = 0;\nif (0 == num)\nreturn num_to_bits[0];", "tokens": ["unsigned", "int", "countSetBitsRec", "(", "unsigned", "int", "num", ")", "{", "int", "nibble", "=", "0", ";", "if", "(", "0", "==", "num", ")", "return", "num_to_bits", "[", "0", "]", ";"], "comment_tokens": ["Recursively", "get", "nibble", "of", "a", "given", "number", "and", "map", "them", "in", "the", "array"], "desc_tokens": ["Count", "set", "bits", "in", "an", "integer"]}
