{"idx": "2120-C-5", "code": "\n\nint main()\n{\n    int num = 31;\n    printf(\"%d\\n\", countSetBitsRec(num));\n}", "comment": "/*Driver code*/", "problem_desc": "Count set bits in an integer", "snippet": "int main()\n{\nint num = 31;\nprintf(\"%d\\n\", countSetBitsRec(num));\n}", "tokens": ["int", "main", "(", ")", "{", "int", "num", "=", "31", ";", "printf", "(", "\" % d STRNEWLINE \"", ",", "countSetBitsRec", "(", "num", ")", ")", ";", "}"], "comment_tokens": ["Driver", "code"], "desc_tokens": ["Count", "set", "bits", "in", "an", "integer"]}
