{"idx": "2123-C-2", "code": "\n\nif (n && !(n & (n - 1)))\n    return n;\nwhile( n != 0)\n{\n    n >>= 1;\n    count += 1;\n}\nreturn 1 << count;\n}\n", "comment": "/*First n in the below condition\nis for the case where n is 0*/", "problem_desc": "Smallest power of 2 greater than or equal to n", "snippet": "if (n && !(n & (n - 1)))\nreturn n;\nwhile( n != 0)\n{\nn >>= 1;\ncount += 1;\n}\nreturn 1 << count;\n}", "tokens": ["if", "(", "n", "&&", "!", "(", "n", "&", "(", "n", "-", "1", ")", ")", ")", "return", "n", ";", "while", "(", "n", "!=", "0", ")", "{", "n", ">>=", "1", ";", "count", "+=", "1", ";", "}", "return", "1", "<<", "count", ";", "}"], "comment_tokens": ["First", "n", "in", "the", "below", "condition", "is", "for", "the", "case", "where", "n", "is", "0"], "desc_tokens": ["Smallest", "power", "of", "2", "greater", "than", "or", "equal", "to", "n"]}
