{"idx": "2123-C-1", "code": "#include<stdio.h>\nunsigned int nextPowerOf2(unsigned int n)\n{\nunsigned count = 0;\n", "comment": "", "problem_desc": "Smallest power of 2 greater than or equal to n", "snippet": "#include<stdio.h>\nunsigned int nextPowerOf2(unsigned int n)\n{\nunsigned count = 0;", "tokens": ["#include", "<stdio.h>", "NEW_LINE", "unsigned", "int", "nextPowerOf2", "(", "unsigned", "int", "n", ")", "{", "unsigned", "count", "=", "0", ";"], "comment_tokens": [], "desc_tokens": ["Smallest", "power", "of", "2", "greater", "than", "or", "equal", "to", "n"]}
