{"idx": "2123-C-3", "code": "\n\nint main()\n{\nunsigned int n = 0;\nprintf(\"%d\", nextPowerOf2(n));\nreturn 0;\n}", "comment": "/*Driver Code*/", "problem_desc": "Smallest power of 2 greater than or equal to n", "snippet": "int main()\n{\nunsigned int n = 0;\nprintf(\"%d\", nextPowerOf2(n));\nreturn 0;\n}", "tokens": ["int", "main", "(", ")", "{", "unsigned", "int", "n", "=", "0", ";", "printf", "(", "\" % d \"", ",", "nextPowerOf2", "(", "n", ")", ")", ";", "return", "0", ";", "}"], "comment_tokens": ["Driver", "Code"], "desc_tokens": ["Smallest", "power", "of", "2", "greater", "than", "or", "equal", "to", "n"]}
