{"idx": "2124-C-1", "code": "#include<stdio.h>\nunsigned int nextPowerOf2(unsigned int n)\n{\n    unsigned int p = 1;\n    if (n && !(n & (n - 1)))\n        return n;\n    while (p < n)\n        p <<= 1;\n    return p;\n}\n", "comment": "", "problem_desc": "Smallest power of 2 greater than or equal to n", "snippet": "#include<stdio.h>\nunsigned int nextPowerOf2(unsigned int n)\n{\nunsigned int p = 1;\nif (n && !(n & (n - 1)))\nreturn n;\nwhile (p < n)\np <<= 1;\nreturn p;\n}", "tokens": ["#include", "<stdio.h>", "NEW_LINE", "unsigned", "int", "nextPowerOf2", "(", "unsigned", "int", "n", ")", "{", "unsigned", "int", "p", "=", "1", ";", "if", "(", "n", "&&", "!", "(", "n", "&", "(", "n", "-", "1", ")", ")", ")", "return", "n", ";", "while", "(", "p", "<", "n", ")", "p", "<<=", "1", ";", "return", "p", ";", "}"], "comment_tokens": [], "desc_tokens": ["Smallest", "power", "of", "2", "greater", "than", "or", "equal", "to", "n"]}
