{"idx": "2127-C-2", "code": "\n\nbool getParity(unsigned int n)\n{\n    bool parity = 0;\n    while (n)\n    {\n        parity = !parity;\n        n      = n & (n - 1);\n    }       \n    return parity;\n}\n", "comment": "/* Function to get parity of number n. It returns 1\n if n has odd parity, and returns 0 if n has even\n parity */", "problem_desc": "Program to find parity", "snippet": "bool getParity(unsigned int n)\n{\nbool parity = 0;\nwhile (n)\n{\nparity = !parity;\nn= n & (n - 1);\n}\nreturn parity;\n}", "tokens": ["bool", "getParity", "(", "unsigned", "int", "n", ")", "{", "bool", "parity", "=", "0", ";", "while", "(", "n", ")", "{", "parity", "=", "!", "parity", ";", "n", "=", "n", "&", "(", "n", "-", "1", ")", ";", "}", "return", "parity", ";", "}"], "comment_tokens": ["Function", "to", "get", "parity", "of", "number", "n", ".", "It", "returns", "1", "if", "n", "has", "odd", "parity", ",", "and", "returns", "0", "if", "n", "has", "even", "parity"], "desc_tokens": ["Program", "to", "find", "parity"]}
