{"idx": "2127-C-3", "code": "\n\nint main()\n{\n    unsigned int n = 7;\n    printf(\"Parity of no %d = %s\",  n,\n             (getParity(n)? \"odd\": \"even\"));\n    getchar();\n    return 0;\n}", "comment": "/* Driver program to test getParity() */", "problem_desc": "Program to find parity", "snippet": "int main()\n{\nunsigned int n = 7;\nprintf(\"Parity of no %d = %s\", n,\n(getParity(n)? \"odd\": \"even\"));\ngetchar();\nreturn 0;\n}", "tokens": ["int", "main", "(", ")", "{", "unsigned", "int", "n", "=", "7", ";", "printf", "(", "\" Parity \u2581 of \u2581 no \u2581 % d \u2581 = \u2581 % s \"", ",", "n", ",", "(", "getParity", "(", "n", ")", "?", "\" odd \"", ":", "\" even \"", ")", ")", ";", "getchar", "(", ")", ";", "return", "0", ";", "}"], "comment_tokens": ["Driver", "program", "to", "test", "getParity", "(", ")"], "desc_tokens": ["Program", "to", "find", "parity"]}
