{"idx": "2129-C-4", "code": "\n\nint main()\n{\n    isPowerOfTwo(31)? printf(\"Yes\\n\"): printf(\"No\\n\");\n    isPowerOfTwo(64)? printf(\"Yes\\n\"): printf(\"No\\n\");\n    return 0;\n}", "comment": "/*Driver program*/", "problem_desc": "Program to find whether a no is power of two", "snippet": "int main()\n{\nisPowerOfTwo(31)? printf(\"Yes\\n\"): printf(\"No\\n\");\nisPowerOfTwo(64)? printf(\"Yes\\n\"): printf(\"No\\n\");\nreturn 0;\n}", "tokens": ["int", "main", "(", ")", "{", "isPowerOfTwo", "(", "31", ")", "?", "printf", "(", "\" Yes STRNEWLINE \"", ")", ":", "printf", "(", "\" No STRNEWLINE \"", ")", ";", "isPowerOfTwo", "(", "64", ")", "?", "printf", "(", "\" Yes STRNEWLINE \"", ")", ":", "printf", "(", "\" No STRNEWLINE \"", ")", ";", "return", "0", ";", "}"], "comment_tokens": ["Driver", "program"], "desc_tokens": ["Program", "to", "find", "whether", "a", "no", "is", "power", "of", "two"]}
