{"idx": "2129-C-3", "code": "\n\nbool isPowerOfTwo(int n)\n{\n   if(n==0)\n   return false;\n   return (ceil(log2(n)) == floor(log2(n)));\n}\n", "comment": "/* Function to check if x is power of 2*/", "problem_desc": "Program to find whether a no is power of two", "snippet": "bool isPowerOfTwo(int n)\n{\n if(n==0)\n return false;\n return (ceil(log2(n)) == floor(log2(n)));\n}", "tokens": ["bool", "isPowerOfTwo", "(", "int", "n", ")", "{", "if", "(", "n", "==", "0", ")", "return", "false", ";", "return", "(", "ceil", "(", "log2", "(", "n", ")", ")", "==", "floor", "(", "log2", "(", "n", ")", ")", ")", ";", "}"], "comment_tokens": ["Function", "to", "check", "if", "x", "is", "power", "of", "2"], "desc_tokens": ["Program", "to", "find", "whether", "a", "no", "is", "power", "of", "two"]}
