{"idx": "2130-C-2", "code": "\n\nbool isPowerOfTwo(int n)\n{\n  if (n == 0)\n    return 0;\n  while (n != 1)\n  {\n      if (n%2 != 0)\n         return 0;\n      n = n/2;\n  }\n  return 1;\n}\n", "comment": "/* Function to check if x is power of 2*/", "problem_desc": "Program to find whether a no is power of two", "snippet": "bool isPowerOfTwo(int n)\n{\n if (n == 0)\nreturn 0;\n while (n != 1)\n {\nif (n%2 != 0)\nreturn 0;\nn = n/2;\n }\n return 1;\n}", "tokens": ["bool", "isPowerOfTwo", "(", "int", "n", ")", "{", "if", "(", "n", "==", "0", ")", "return", "0", ";", "while", "(", "n", "!=", "1", ")", "{", "if", "(", "n", "%", "2", "!=", "0", ")", "return", "0", ";", "n", "=", "n", "/", "2", ";", "}", "return", "1", ";", "}"], "comment_tokens": ["Function", "to", "check", "if", "x", "is", "power", "of", "2"], "desc_tokens": ["Program", "to", "find", "whether", "a", "no", "is", "power", "of", "two"]}
