{"idx": "2130-C-3", "code": "\n\nint main()\n{\n  isPowerOfTwo(31)? printf(\"Yes\\n\"): printf(\"No\\n\");\n  isPowerOfTwo(64)? printf(\"Yes\\n\"): printf(\"No\\n\");\n  return 0;\n}", "comment": "/*Driver program to test above function*/", "problem_desc": "Program to find whether a no is power of two", "snippet": "int main()\n{\n isPowerOfTwo(31)? printf(\"Yes\\n\"): printf(\"No\\n\");\n isPowerOfTwo(64)? printf(\"Yes\\n\"): printf(\"No\\n\");\n return 0;\n}", "tokens": ["int", "main", "(", ")", "{", "isPowerOfTwo", "(", "31", ")", "?", "printf", "(", "\" Yes STRNEWLINE \"", ")", ":", "printf", "(", "\" No STRNEWLINE \"", ")", ";", "isPowerOfTwo", "(", "64", ")", "?", "printf", "(", "\" Yes STRNEWLINE \"", ")", ":", "printf", "(", "\" No STRNEWLINE \"", ")", ";", "return", "0", ";", "}"], "comment_tokens": ["Driver", "program", "to", "test", "above", "function"], "desc_tokens": ["Program", "to", "find", "whether", "a", "no", "is", "power", "of", "two"]}
