{"idx": "2132-C-3", "code": "\n\n  return x && (!(x&(x-1)));\n}\n", "comment": "/* First x in the below expression is for the case when x is 0 */", "problem_desc": "Program to find whether a no is power of two", "snippet": " return x && (!(x&(x-1)));\n}", "tokens": ["return", "x", "&&", "(", "!", "(", "x", "&", "(", "x", "-", "1", ")", ")", ")", ";", "}"], "comment_tokens": ["First", "x", "in", "the", "below", "expression", "is", "for", "the", "case", "when", "x", "is", "0"], "desc_tokens": ["Program", "to", "find", "whether", "a", "no", "is", "power", "of", "two"]}
