{"idx": "2133-C-1", "code": "\n\n#include <math.h>\n#include <stdio.h>\nunsigned int getFirstSetBitPos(int n)\n{\n    return log2(n & -n) + 1;\n}\n", "comment": "/*C program for Position\nof rightmost set bit*/", "problem_desc": "Position of rightmost set bit", "snippet": "#include <math.h>\n#include <stdio.h>\nunsigned int getFirstSetBitPos(int n)\n{\nreturn log2(n & -n) + 1;\n}", "tokens": ["#include", "<math.h>", "NEW_LINE", "#include", "<stdio.h>", "NEW_LINE", "unsigned", "int", "getFirstSetBitPos", "(", "int", "n", ")", "{", "return", "log2", "(", "n", "&", "-", "n", ")", "+", "1", ";", "}"], "comment_tokens": ["C", "program", "for", "Position", "of", "rightmost", "set", "bit"], "desc_tokens": ["Position", "of", "rightmost", "set", "bit"]}
