{"idx": "2133-C-2", "code": "\n\nint main()\n{\n    int n = 12;\n    printf(\"%u\", getFirstSetBitPos(n));\n    getchar();\n    return 0;\n}", "comment": "/*Driver code*/", "problem_desc": "Position of rightmost set bit", "snippet": "int main()\n{\nint n = 12;\nprintf(\"%u\", getFirstSetBitPos(n));\ngetchar();\nreturn 0;\n}", "tokens": ["int", "main", "(", ")", "{", "int", "n", "=", "12", ";", "printf", "(", "\" % u \"", ",", "getFirstSetBitPos", "(", "n", ")", ")", ";", "getchar", "(", ")", ";", "return", "0", ";", "}"], "comment_tokens": ["Driver", "code"], "desc_tokens": ["Position", "of", "rightmost", "set", "bit"]}
