{"idx": "2143-C-2", "code": "\n\nint isPowerOfTwo(unsigned n)\n{\n    return n && (!(n & (n - 1)));\n}\n", "comment": "/*A utility function to check whether n is a power of 2 or not.\ngoo.gl/17Arj\nSee http:*/", "problem_desc": "Find position of the only set bit", "snippet": "int isPowerOfTwo(unsigned n)\n{\nreturn n && (!(n & (n - 1)));\n}", "tokens": ["int", "isPowerOfTwo", "(", "unsigned", "n", ")", "{", "return", "n", "&&", "(", "!", "(", "n", "&", "(", "n", "-", "1", ")", ")", ")", ";", "}"], "comment_tokens": ["A", "utility", "function", "to", "check", "whether", "n", "is", "a", "power", "of", "2", "or", "not", ".", "goo", ".", "gl", "/", "17", "Arj", "See", "http", ":"], "desc_tokens": ["Find", "position", "of", "the", "only", "set", "bit"]}
