{"idx": "2143-C-3", "code": "\n\nint findPosition(unsigned n)\n{\n    if (!isPowerOfTwo(n))\n        return -1;\n    unsigned i = 1, pos = 1;\n", "comment": "/*Returns position of the only set bit in 'n'*/", "problem_desc": "Find position of the only set bit", "snippet": "int findPosition(unsigned n)\n{\nif (!isPowerOfTwo(n))\nreturn -1;\nunsigned i = 1, pos = 1;", "tokens": ["int", "findPosition", "(", "unsigned", "n", ")", "{", "if", "(", "!", "isPowerOfTwo", "(", "n", ")", ")", "return", "-1", ";", "unsigned", "i", "=", "1", ",", "pos", "=", "1", ";"], "comment_tokens": ["Returns", "position", "of", "the", "only", "set", "bit", "in", "' n '"], "desc_tokens": ["Find", "position", "of", "the", "only", "set", "bit"]}
