{"idx": "2143-C-4", "code": "\n\n    while (!(i & n)) {\n", "comment": "/* Iterate through bits of n till we find a set bit\n i&n will be non-zero only when 'i' and 'n' have a set bit\n at same position*/", "problem_desc": "Find position of the only set bit", "snippet": "while (!(i & n)) {", "tokens": ["while", "(", "!", "(", "i", "&", "n", ")", ")", "{"], "comment_tokens": ["Iterate", "through", "bits", "of", "n", "till", "we", "find", "a", "set", "bit", "i", "&", "n", "will", "be", "non", "-", "zero", "only", "when", "' i '", "and", "' n '", "have", "a", "set", "bit", "at", "same", "position"], "desc_tokens": ["Find", "position", "of", "the", "only", "set", "bit"]}
