{"idx": "2144-C-6", "code": "\n\nint main(void)\n{\n    int n = 0;\n    int pos = findPosition(n);\n    (pos == -1) ? printf(\"n = %d, Invalid number\\n\", n) : printf(\"n = %d, Position %d \\n\", n, pos);\n    n = 12;\n    pos = findPosition(n);\n    (pos == -1) ? printf(\"n = %d, Invalid number\\n\", n) : printf(\"n = %d, Position %d \\n\", n, pos);\n    n = 128;\n    pos = findPosition(n);\n    (pos == -1) ? printf(\"n = %d, Invalid number\\n\", n) : printf(\"n = %d, Position %d \\n\", n, pos);\n    return 0;\n}", "comment": "/*Driver program to test above function*/", "problem_desc": "Find position of the only set bit", "snippet": "int main(void)\n{\nint n = 0;\nint pos = findPosition(n);\n(pos == -1) ? printf(\"n = %d, Invalid number\\n\", n) : printf(\"n = %d, Position %d \\n\", n, pos);\nn = 12;\npos = findPosition(n);\n(pos == -1) ? printf(\"n = %d, Invalid number\\n\", n) : printf(\"n = %d, Position %d \\n\", n, pos);\nn = 128;\npos = findPosition(n);\n(pos == -1) ? printf(\"n = %d, Invalid number\\n\", n) : printf(\"n = %d, Position %d \\n\", n, pos);\nreturn 0;\n}", "tokens": ["int", "main", "(", "void", ")", "{", "int", "n", "=", "0", ";", "int", "pos", "=", "findPosition", "(", "n", ")", ";", "(", "pos", "==", "-1", ")", "?", "printf", "(", "\" n \u2581 = \u2581 % d , \u2581 Invalid \u2581 number STRNEWLINE \"", ",", "n", ")", ":", "printf", "(", "\" n \u2581 = \u2581 % d , \u2581 Position \u2581 % d \u2581 STRNEWLINE \"", ",", "n", ",", "pos", ")", ";", "n", "=", "12", ";", "pos", "=", "findPosition", "(", "n", ")", ";", "(", "pos", "==", "-1", ")", "?", "printf", "(", "\" n \u2581 = \u2581 % d , \u2581 Invalid \u2581 number STRNEWLINE \"", ",", "n", ")", ":", "printf", "(", "\" n \u2581 = \u2581 % d , \u2581 Position \u2581 % d \u2581 STRNEWLINE \"", ",", "n", ",", "pos", ")", ";", "n", "=", "128", ";", "pos", "=", "findPosition", "(", "n", ")", ";", "(", "pos", "==", "-1", ")", "?", "printf", "(", "\" n \u2581 = \u2581 % d , \u2581 Invalid \u2581 number STRNEWLINE \"", ",", "n", ")", ":", "printf", "(", "\" n \u2581 = \u2581 % d , \u2581 Position \u2581 % d \u2581 STRNEWLINE \"", ",", "n", ",", "pos", ")", ";", "return", "0", ";", "}"], "comment_tokens": ["Driver", "program", "to", "test", "above", "function"], "desc_tokens": ["Find", "position", "of", "the", "only", "set", "bit"]}
