{"idx": "2144-C-3", "code": "\n\nint findPosition(unsigned n)\n{\n    if (!isPowerOfTwo(n))\n        return -1;\n    unsigned count = 0;\n", "comment": "/*Returns position of the only set bit in 'n'*/", "problem_desc": "Find position of the only set bit", "snippet": "int findPosition(unsigned n)\n{\nif (!isPowerOfTwo(n))\nreturn -1;\nunsigned count = 0;", "tokens": ["int", "findPosition", "(", "unsigned", "n", ")", "{", "if", "(", "!", "isPowerOfTwo", "(", "n", ")", ")", "return", "-1", ";", "unsigned", "count", "=", "0", ";"], "comment_tokens": ["Returns", "position", "of", "the", "only", "set", "bit", "in", "' n '"], "desc_tokens": ["Find", "position", "of", "the", "only", "set", "bit"]}
