{"idx": "2147-C-1", "code": "\n\n#include <stdio.h>\nint main()\n{\n    int x = 10, y = 5;\n", "comment": "/*C Program to swap two numbers\nwithout using temporary variable*/", "problem_desc": "How to swap two numbers without using a temporary variable?", "snippet": "#include <stdio.h>\nint main()\n{\nint x = 10, y = 5;", "tokens": ["#include", "<stdio.h>", "NEW_LINE", "int", "main", "(", ")", "{", "int", "x", "=", "10", ",", "y", "=", "5", ";"], "comment_tokens": ["C", "Program", "to", "swap", "two", "numbers", "without", "using", "temporary", "variable"], "desc_tokens": ["How", "to", "swap", "two", "numbers", "without", "using", "a", "temporary", "variable", "?"]}
