{"idx": "2148-C-1", "code": "\n\n#include <stdio.h>\nint main()\n{\n    int x = 10, y = 5;\n", "comment": "/*C code to swap using XOR*/", "problem_desc": "How to swap two numbers without using a temporary variable?", "snippet": "#include <stdio.h>\nint main()\n{\nint x = 10, y = 5;", "tokens": ["#include", "<stdio.h>", "NEW_LINE", "int", "main", "(", ")", "{", "int", "x", "=", "10", ",", "y", "=", "5", ";"], "comment_tokens": ["C", "code", "to", "swap", "using", "XOR"], "desc_tokens": ["How", "to", "swap", "two", "numbers", "without", "using", "a", "temporary", "variable", "?"]}
