{"idx": "2148-C-2", "code": "\n\nx = x ^ y; \n", "comment": "/* Code to swap 'x' (1010) and 'y' (0101)\nx now becomes 15 (1111)*/", "problem_desc": "How to swap two numbers without using a temporary variable?", "snippet": "x = x ^ y; ", "tokens": ["x", "=", "x", "^", "y", ";"], "comment_tokens": ["Code", "to", "swap", "' x '", "(", "1010", ")", "and", "' y '", "(", "0101", ")", "x", "now", "becomes", "15", "(", "1111", ")"], "desc_tokens": ["How", "to", "swap", "two", "numbers", "without", "using", "a", "temporary", "variable", "?"]}
