{"idx": "2148-C-4", "code": "\n\nx = x ^ y; \n    printf(\"After Swapping: x = %d, y = %d\", x, y);\n    return 0;\n}", "comment": "/*x becomes 5 (0101)*/", "problem_desc": "How to swap two numbers without using a temporary variable?", "snippet": "x = x ^ y; \nprintf(\"After Swapping: x = %d, y = %d\", x, y);\nreturn 0;\n}", "tokens": ["x", "=", "x", "^", "y", ";", "printf", "(", "\" After \u2581 Swapping : \u2581 x \u2581 = \u2581 % d , \u2581 y \u2581 = \u2581 % d \"", ",", "x", ",", "y", ")", ";", "return", "0", ";", "}"], "comment_tokens": ["x", "becomes", "5", "(", "0101", ")"], "desc_tokens": ["How", "to", "swap", "two", "numbers", "without", "using", "a", "temporary", "variable", "?"]}
