{"idx": "2149-C-2", "code": "\n\nvoid swap(int* xp, int* yp)\n{\n    *xp = *xp ^ *yp;\n    *yp = *xp ^ *yp;\n    *xp = *xp ^ *yp;\n}\n", "comment": "/*Swap function*/", "problem_desc": "How to swap two numbers without using a temporary variable?", "snippet": "void swap(int* xp, int* yp)\n{\n*xp = *xp ^ *yp;\n*yp = *xp ^ *yp;\n*xp = *xp ^ *yp;\n}", "tokens": ["void", "swap", "(", "int", "*", "xp", ",", "int", "*", "yp", ")", "{", "*", "xp", "=", "*", "xp", "^", "*", "yp", ";", "*", "yp", "=", "*", "xp", "^", "*", "yp", ";", "*", "xp", "=", "*", "xp", "^", "*", "yp", ";", "}"], "comment_tokens": ["Swap", "function"], "desc_tokens": ["How", "to", "swap", "two", "numbers", "without", "using", "a", "temporary", "variable", "?"]}
