{"idx": "2168-C-2", "code": "\n\nvoid segregate0and1(int arr[], int size)\n{\n    ", "comment": "/*Function to put all 0s on left and all 1s on right*/", "problem_desc": "Segregate 0s and 1s in an array", "snippet": "void segregate0and1(int arr[], int size)\n{", "tokens": ["void", "segregate0and1", "(", "int", "arr", "[", "]", ",", "int", "size", ")", "{"], "comment_tokens": ["Function", "to", "put", "all", "0", "s", "on", "left", "and", "all", "1", "s", "on", "right"], "desc_tokens": ["Segregate", "0", "s", "and", "1", "s", "in", "an", "array"]}
