{"idx": "2168-C-6", "code": "\n\n        if (left < right)\n        {\n            arr[left] = 0;\n            arr[right] = 1;\n            left++;\n            right--;\n        }\n    }\n}\n \n", "comment": "/* If left is smaller than right then there is a 1 at left\n and a 0 at right. Exchange arr[left] and arr[right]*/", "problem_desc": "Segregate 0s and 1s in an array", "snippet": "if (left < right)\n{\narr[left] = 0;\narr[right] = 1;\nleft++;\nright--;\n}\n}\n}", "tokens": ["if", "(", "left", "<", "right", ")", "{", "arr", "[", "left", "]", "=", "0", ";", "arr", "[", "right", "]", "=", "1", ";", "left", "++", ";", "right", "--", ";", "}", "}", "}"], "comment_tokens": ["If", "left", "is", "smaller", "than", "right", "then", "there", "is", "a", "1", "at", "left", "and", "a", "0", "at", "right", ".", "Exchange", "arr", "[", "left", "]", "and", "arr", "[", "right", "]"], "desc_tokens": ["Segregate", "0", "s", "and", "1", "s", "in", "an", "array"]}
