{"idx": "2168-C-3", "code": "\n\n    int left = 0, right = size-1;\n \n    while (left < right)\n    {\n        ", "comment": "/* Initialize left and right indexes */", "problem_desc": "Segregate 0s and 1s in an array", "snippet": "int left = 0, right = size-1;\nwhile (left < right)\n{", "tokens": ["int", "left", "=", "0", ",", "right", "=", "size", "-", "1", ";", "while", "(", "left", "<", "right", ")", "{"], "comment_tokens": ["Initialize", "left", "and", "right", "indexes"], "desc_tokens": ["Segregate", "0", "s", "and", "1", "s", "in", "an", "array"]}
