{"idx": "2168-C-4", "code": "\n\n        while (arr[left] == 0 && left < right)\n            left++;\n \n        ", "comment": "/* Increment left index while we see 0 at left */", "problem_desc": "Segregate 0s and 1s in an array", "snippet": "while (arr[left] == 0 && left < right)\nleft++;", "tokens": ["while", "(", "arr", "[", "left", "]", "==", "0", "&&", "left", "<", "right", ")", "left", "++", ";"], "comment_tokens": ["Increment", "left", "index", "while", "we", "see", "0", "at", "left"], "desc_tokens": ["Segregate", "0", "s", "and", "1", "s", "in", "an", "array"]}
