{"idx": "2168-C-7", "code": "\n\nint main()\n{\n    int arr[] = {0, 1, 0, 1, 1, 1};\n    int i, arr_size = sizeof(arr)/sizeof(arr[0]);\n \n    segregate0and1(arr, arr_size);\n \n    printf(\"Array after segregation \");\n    for (i = 0; i < 6; i++)\n        printf(\"%d \", arr[i]);\n \n    getchar();\n    return 0;\n}\n", "comment": "/* driver program to test */", "problem_desc": "Segregate 0s and 1s in an array", "snippet": "int main()\n{\nint arr[] = {0, 1, 0, 1, 1, 1};\nint i, arr_size = sizeof(arr)/sizeof(arr[0]);\nsegregate0and1(arr, arr_size);\nprintf(\"Array after segregation \");\nfor (i = 0; i < 6; i++)\nprintf(\"%d \", arr[i]);\ngetchar();\nreturn 0;\n}", "tokens": ["int", "main", "(", ")", "{", "int", "arr", "[", "]", "=", "{", "0", ",", "1", ",", "0", ",", "1", ",", "1", ",", "1", "}", ";", "int", "i", ",", "arr_size", "=", "sizeof", "(", "arr", ")", "/", "sizeof", "(", "arr", "[", "0", "]", ")", ";", "segregate0and1", "(", "arr", ",", "arr_size", ")", ";", "printf", "(", "\" Array \u2581 after \u2581 segregation \u2581 \"", ")", ";", "for", "(", "i", "=", "0", ";", "i", "<", "6", ";", "i", "++", ")", "printf", "(", "\" % d \u2581 \"", ",", "arr", "[", "i", "]", ")", ";", "getchar", "(", ")", ";", "return", "0", ";", "}"], "comment_tokens": ["driver", "program", "to", "test"], "desc_tokens": ["Segregate", "0", "s", "and", "1", "s", "in", "an", "array"]}
