{"idx": "2174-C-4", "code": "\n\n  arr[size-1] = -1;\n \n", "comment": "/* The next greatest element for the rightmost element\n is always -1*/", "problem_desc": "Replace every element with the greatest element on right side", "snippet": " arr[size-1] = -1;", "tokens": ["arr", "[", "size", "-", "1", "]", "=", "-1", ";"], "comment_tokens": ["The", "next", "greatest", "element", "for", "the", "rightmost", "element", "is", "always", "-", "1"], "desc_tokens": ["Replace", "every", "element", "with", "the", "greatest", "element", "on", "right", "side"]}
