{"idx": "2174-C-10", "code": "\n\nint main()\n{\n  int arr[] = {16, 17, 4, 3, 5, 2};\n  int size = sizeof(arr)/sizeof(arr[0]);\n  nextGreatest (arr, size);\n  printf (\"The modified array is: \\n\");\n  printArray (arr, size);\n  return (0);\n}\n", "comment": "/* Driver program to test above function */", "problem_desc": "Replace every element with the greatest element on right side", "snippet": "int main()\n{\n int arr[] = {16, 17, 4, 3, 5, 2};\n int size = sizeof(arr)/sizeof(arr[0]);\n nextGreatest (arr, size);\n printf (\"The modified array is: \\n\");\n printArray (arr, size);\n return (0);\n}", "tokens": ["int", "main", "(", ")", "{", "int", "arr", "[", "]", "=", "{", "16", ",", "17", ",", "4", ",", "3", ",", "5", ",", "2", "}", ";", "int", "size", "=", "sizeof", "(", "arr", ")", "/", "sizeof", "(", "arr", "[", "0", "]", ")", ";", "nextGreatest", "(", "arr", ",", "size", ")", ";", "printf", "(", "\" The \u2581 modified \u2581 array \u2581 is : \u2581 STRNEWLINE \"", ")", ";", "printArray", "(", "arr", ",", "size", ")", ";", "return", "(", "0", ")", ";", "}"], "comment_tokens": ["Driver", "program", "to", "test", "above", "function"], "desc_tokens": ["Replace", "every", "element", "with", "the", "greatest", "element", "on", "right", "side"]}
