{"idx": "2174-C-5", "code": "\n\n  for(int i = size-2; i >= 0; i--)\n  {\n", "comment": "/* Replace all other elements with the next greatest*/", "problem_desc": "Replace every element with the greatest element on right side", "snippet": " for(int i = size-2; i >= 0; i--)\n {", "tokens": ["for", "(", "int", "i", "=", "size", "-", "2", ";", "i", ">=", "0", ";", "i", "--", ")", "{"], "comment_tokens": ["Replace", "all", "other", "elements", "with", "the", "next", "greatest"], "desc_tokens": ["Replace", "every", "element", "with", "the", "greatest", "element", "on", "right", "side"]}
