{"idx": "2174-C-6", "code": "\n\n    int temp = arr[i];\n \n", "comment": "/* Store the current element (needed later for updating the next greatest element)*/", "problem_desc": "Replace every element with the greatest element on right side", "snippet": "int temp = arr[i];", "tokens": ["int", "temp", "=", "arr", "[", "i", "]", ";"], "comment_tokens": ["Store", "the", "current", "element", "(", "needed", "later", "for", "updating", "the", "next", "greatest", "element", ")"], "desc_tokens": ["Replace", "every", "element", "with", "the", "greatest", "element", "on", "right", "side"]}
