{"idx": "2174-C-3", "code": "\n\n  int max_from_right =  arr[size-1];\n \n", "comment": "/* Initialize the next greatest element*/", "problem_desc": "Replace every element with the greatest element on right side", "snippet": " int max_from_right = arr[size-1];", "tokens": ["int", "max_from_right", "=", "arr", "[", "size", "-", "1", "]", ";"], "comment_tokens": ["Initialize", "the", "next", "greatest", "element"], "desc_tokens": ["Replace", "every", "element", "with", "the", "greatest", "element", "on", "right", "side"]}
