{"idx": "2174-C-7", "code": "\n\n    arr[i] = max_from_right;\n \n", "comment": "/* Replace current element with the next greatest*/", "problem_desc": "Replace every element with the greatest element on right side", "snippet": "arr[i] = max_from_right;", "tokens": ["arr", "[", "i", "]", "=", "max_from_right", ";"], "comment_tokens": ["Replace", "current", "element", "with", "the", "next", "greatest"], "desc_tokens": ["Replace", "every", "element", "with", "the", "greatest", "element", "on", "right", "side"]}
