{"idx": "2174-C-9", "code": "\n\nvoid printArray(int arr[], int size)\n{\n  int i;\n  for (i=0; i < size; i++)\n    printf(\"%d \", arr[i]);\n  printf(\"\\n\");\n}\n \n", "comment": "/* A utility Function that prints an array */", "problem_desc": "Replace every element with the greatest element on right side", "snippet": "void printArray(int arr[], int size)\n{\n int i;\n for (i=0; i < size; i++)\nprintf(\"%d \", arr[i]);\n printf(\"\\n\");\n}", "tokens": ["void", "printArray", "(", "int", "arr", "[", "]", ",", "int", "size", ")", "{", "int", "i", ";", "for", "(", "i", "=", "0", ";", "i", "<", "size", ";", "i", "++", ")", "printf", "(", "\" % d \u2581 \"", ",", "arr", "[", "i", "]", ")", ";", "printf", "(", "\" STRNEWLINE \"", ")", ";", "}"], "comment_tokens": ["A", "utility", "Function", "that", "prints", "an", "array"], "desc_tokens": ["Replace", "every", "element", "with", "the", "greatest", "element", "on", "right", "side"]}
