{"idx": "2174-C-8", "code": "\n\n    if(max_from_right < temp)\n       max_from_right = temp;\n  }\n}\n \n", "comment": "/* Update the greatest element, if needed*/", "problem_desc": "Replace every element with the greatest element on right side", "snippet": "if(max_from_right < temp)\nmax_from_right = temp;\n }\n}", "tokens": ["if", "(", "max_from_right", "<", "temp", ")", "max_from_right", "=", "temp", ";", "}", "}"], "comment_tokens": ["Update", "the", "greatest", "element", ",", "if", "needed"], "desc_tokens": ["Replace", "every", "element", "with", "the", "greatest", "element", "on", "right", "side"]}
