{"idx": "2174-C-2", "code": "\n\nvoid nextGreatest(int arr[], int size)\n{\n", "comment": "/* Function to replace every element with the\n next greatest element */", "problem_desc": "Replace every element with the greatest element on right side", "snippet": "void nextGreatest(int arr[], int size)\n{", "tokens": ["void", "nextGreatest", "(", "int", "arr", "[", "]", ",", "int", "size", ")", "{"], "comment_tokens": ["Function", "to", "replace", "every", "element", "with", "the", "next", "greatest", "element"], "desc_tokens": ["Replace", "every", "element", "with", "the", "greatest", "element", "on", "right", "side"]}
