{"idx": "2190-C-3", "code": "\n\nint main()\n{\n  int arr[] = {1, 2, 90, 10, 110};\n", "comment": "/* Driver program to test above function */", "problem_desc": "Maximum difference between two elements such that larger element appears after the smaller number", "snippet": "int main()\n{\n int arr[] = {1, 2, 90, 10, 110};", "tokens": ["int", "main", "(", ")", "{", "int", "arr", "[", "]", "=", "{", "1", ",", "2", ",", "90", ",", "10", ",", "110", "}", ";"], "comment_tokens": ["Driver", "program", "to", "test", "above", "function"], "desc_tokens": ["Maximum", "difference", "between", "two", "elements", "such", "that", "larger", "element", "appears", "after", "the", "smaller", "number"]}
