{"idx": "2190-C-2", "code": "\n\nint maxDiff(int arr[], int arr_size)\n{    \n  int max_diff = arr[1] - arr[0];\n  int i, j;\n  for (i = 0; i < arr_size; i++)\n  {\n    for (j = i+1; j < arr_size; j++)\n    {       \n      if (arr[j] - arr[i] > max_diff)  \n         max_diff = arr[j] - arr[i];\n    }   \n  }         \n  return max_diff;\n}   \n \n", "comment": "/* The function assumes that there are at least two\n elements in array.\n The function returns a negative value if the array is\n sorted in decreasing order.\n Returns 0 if elements are equal */", "problem_desc": "Maximum difference between two elements such that larger element appears after the smaller number", "snippet": "int maxDiff(int arr[], int arr_size)\n{\n int max_diff = arr[1] - arr[0];\n int i, j;\n for (i = 0; i < arr_size; i++)\n {\nfor (j = i+1; j < arr_size; j++)\n{\nif (arr[j] - arr[i] > max_diff) \nmax_diff = arr[j] - arr[i];\n} \n }\n return max_diff;\n} ", "tokens": ["int", "maxDiff", "(", "int", "arr", "[", "]", ",", "int", "arr_size", ")", "{", "int", "max_diff", "=", "arr", "[", "1", "]", "-", "arr", "[", "0", "]", ";", "int", "i", ",", "j", ";", "for", "(", "i", "=", "0", ";", "i", "<", "arr_size", ";", "i", "++", ")", "{", "for", "(", "j", "=", "i", "+", "1", ";", "j", "<", "arr_size", ";", "j", "++", ")", "{", "if", "(", "arr", "[", "j", "]", "-", "arr", "[", "i", "]", ">", "max_diff", ")", "max_diff", "=", "arr", "[", "j", "]", "-", "arr", "[", "i", "]", ";", "}", "}", "return", "max_diff", ";", "}"], "comment_tokens": ["The", "function", "assumes", "that", "there", "are", "at", "least", "two", "elements", "in", "array", ".", "The", "function", "returns", "a", "negative", "value", "if", "the", "array", "is", "sorted", "in", "decreasing", "order", ".", "Returns", "0", "if", "elements", "are", "equal"], "desc_tokens": ["Maximum", "difference", "between", "two", "elements", "such", "that", "larger", "element", "appears", "after", "the", "smaller", "number"]}
