{"idx": "2190-C-4", "code": "\n\n  printf(\"Maximum difference is %d\",  maxDiff(arr, 5));\n  getchar();\n  return 0;\n}\n", "comment": "/*Function calling*/", "problem_desc": "Maximum difference between two elements such that larger element appears after the smaller number", "snippet": " printf(\"Maximum difference is %d\", maxDiff(arr, 5));\n getchar();\n return 0;\n}", "tokens": ["printf", "(", "\" Maximum \u2581 difference \u2581 is \u2581 % d \"", ",", "maxDiff", "(", "arr", ",", "5", ")", ")", ";", "getchar", "(", ")", ";", "return", "0", ";", "}"], "comment_tokens": ["Function", "calling"], "desc_tokens": ["Maximum", "difference", "between", "two", "elements", "such", "that", "larger", "element", "appears", "after", "the", "smaller", "number"]}
