{"idx": "2195-C-2", "code": "\n\nint maxIndexDiff(int arr[], int n)\n{\n    int maxDiff = -1;\n    int i, j;\n \n    for (i = 0; i < n; ++i) {\n        for (j = n - 1; j > i; --j) {\n            if (arr[j] > arr[i] && maxDiff < (j - i))\n                maxDiff = j - i;\n        }\n    }\n \n    return maxDiff;\n}\n\n", "comment": "/* For a given array arr[],\n returns the maximum j a i such\n that arr[j] > arr[i] */", "problem_desc": "Given an array arr[], find the maximum j", "snippet": "int maxIndexDiff(int arr[], int n)\n{\nint maxDiff = -1;\nint i, j;\nfor (i = 0; i < n; ++i) {\nfor (j = n - 1; j > i; --j) {\nif (arr[j] > arr[i] && maxDiff < (j - i))\nmaxDiff = j - i;\n}\n}\nreturn maxDiff;\n}", "tokens": ["int", "maxIndexDiff", "(", "int", "arr", "[", "]", ",", "int", "n", ")", "{", "int", "maxDiff", "=", "-1", ";", "int", "i", ",", "j", ";", "for", "(", "i", "=", "0", ";", "i", "<", "n", ";", "++", "i", ")", "{", "for", "(", "j", "=", "n", "-", "1", ";", "j", ">", "i", ";", "--", "j", ")", "{", "if", "(", "arr", "[", "j", "]", ">", "arr", "[", "i", "]", "&&", "maxDiff", "<", "(", "j", "-", "i", ")", ")", "maxDiff", "=", "j", "-", "i", ";", "}", "}", "return", "maxDiff", ";", "}"], "comment_tokens": ["For", "a", "given", "array", "arr", "[", "]", ",", "returns", "the", "maximum", "j", "a", "i", "such", "that", "arr", "[", "j", "]", ">", "arr", "[", "i", "]"], "desc_tokens": ["Given", "an", "array", "arr", "[", "]", ",", "find", "the", "maximum", "j"]}
