{"idx": "2195-C-3", "code": "\n\n\nint main()\n{\n    int arr[] = { 9, 2, 3, 4, 5, 6, 7, 8, 18, 0 };\n    int n = sizeof(arr) / sizeof(arr[0]);\n    int maxDiff = maxIndexDiff(arr, n);\n    printf(\"\\n %d\", maxDiff);\n    getchar();\n    return 0;\n}", "comment": "/* Driver program to test above functions */", "problem_desc": "Given an array arr[], find the maximum j", "snippet": "int main()\n{\nint arr[] = { 9, 2, 3, 4, 5, 6, 7, 8, 18, 0 };\nint n = sizeof(arr) / sizeof(arr[0]);\nint maxDiff = maxIndexDiff(arr, n);\nprintf(\"\\n %d\", maxDiff);\ngetchar();\nreturn 0;\n}", "tokens": ["int", "main", "(", ")", "{", "int", "arr", "[", "]", "=", "{", "9", ",", "2", ",", "3", ",", "4", ",", "5", ",", "6", ",", "7", ",", "8", ",", "18", ",", "0", "}", ";", "int", "n", "=", "sizeof", "(", "arr", ")", "/", "sizeof", "(", "arr", "[", "0", "]", ")", ";", "int", "maxDiff", "=", "maxIndexDiff", "(", "arr", ",", "n", ")", ";", "printf", "(", "\"", "%", "d", "\"", ",", "maxDiff", ")", ";", "getchar", "(", ")", ";", "return", "0", ";", "}"], "comment_tokens": ["Driver", "program", "to", "test", "above", "functions"], "desc_tokens": ["Given", "an", "array", "arr", "[", "]", ",", "find", "the", "maximum", "j"]}
