{"idx": "2199-C-2", "code": "\n\nint findMaximum(int arr[], int low, int high)\n{\nint max = arr[low];\nint i;\nfor (i = low+1; i <= high; i++)\n{\n    if (arr[i] > max)\n        max = arr[i];\n    else\n        break;\n}\nreturn max;\n}\n ", "comment": "/*function to find the maximum element*/", "problem_desc": "Find the maximum element in an array which is first increasing and then decreasing", "snippet": "int findMaximum(int arr[], int low, int high)\n{\nint max = arr[low];\nint i;\nfor (i = low+1; i <= high; i++)\n{\nif (arr[i] > max)\nmax = arr[i];\nelse\nbreak;\n}\nreturn max;\n}", "tokens": ["int", "findMaximum", "(", "int", "arr", "[", "]", ",", "int", "low", ",", "int", "high", ")", "{", "int", "max", "=", "arr", "[", "low", "]", ";", "int", "i", ";", "for", "(", "i", "=", "low", "+", "1", ";", "i", "<=", "high", ";", "i", "++", ")", "{", "if", "(", "arr", "[", "i", "]", ">", "max", ")", "max", "=", "arr", "[", "i", "]", ";", "else", "break", ";", "}", "return", "max", ";", "}"], "comment_tokens": ["function", "to", "find", "the", "maximum", "element"], "desc_tokens": ["Find", "the", "maximum", "element", "in", "an", "array", "which", "is", "first", "increasing", "and", "then", "decreasing"]}
