{"idx": "2199-C-3", "code": "\n\nint main()\n{\nint arr[] = {1, 30, 40, 50, 60, 70, 23, 20};\nint n = sizeof(arr)/sizeof(arr[0]);\nprintf(\"The maximum element is %d\", findMaximum(arr, 0, n-1));\ngetchar();\nreturn 0;\n}\n", "comment": "/* Driver program to check above functions */", "problem_desc": "Find the maximum element in an array which is first increasing and then decreasing", "snippet": "int main()\n{\nint arr[] = {1, 30, 40, 50, 60, 70, 23, 20};\nint n = sizeof(arr)/sizeof(arr[0]);\nprintf(\"The maximum element is %d\", findMaximum(arr, 0, n-1));\ngetchar();\nreturn 0;\n}", "tokens": ["int", "main", "(", ")", "{", "int", "arr", "[", "]", "=", "{", "1", ",", "30", ",", "40", ",", "50", ",", "60", ",", "70", ",", "23", ",", "20", "}", ";", "int", "n", "=", "sizeof", "(", "arr", ")", "/", "sizeof", "(", "arr", "[", "0", "]", ")", ";", "printf", "(", "\" The \u2581 maximum \u2581 element \u2581 is \u2581 % d \"", ",", "findMaximum", "(", "arr", ",", "0", ",", "n", "-", "1", ")", ")", ";", "getchar", "(", ")", ";", "return", "0", ";", "}"], "comment_tokens": ["Driver", "program", "to", "check", "above", "functions"], "desc_tokens": ["Find", "the", "maximum", "element", "in", "an", "array", "which", "is", "first", "increasing", "and", "then", "decreasing"]}
