{"idx": "2200-C-7", "code": "\n\nelse \n     return findMaximum(arr, mid + 1, high);\n}\n \n", "comment": "/*when arr[mid] is greater than arr[mid-1] and smaller than arr[mid+1]*/", "problem_desc": "Find the maximum element in an array which is first increasing and then decreasing", "snippet": "else \nreturn findMaximum(arr, mid + 1, high);\n}", "tokens": ["else", "return", "findMaximum", "(", "arr", ",", "mid", "+", "1", ",", "high", ")", ";", "}"], "comment_tokens": ["when", "arr", "[", "mid", "]", "is", "greater", "than", "arr", "[", "mid", "-", "1", "]", "and", "smaller", "than", "arr", "[", "mid", "+", "1", "]"], "desc_tokens": ["Find", "the", "maximum", "element", "in", "an", "array", "which", "is", "first", "increasing", "and", "then", "decreasing"]}
