{"idx": "2200-C-4", "code": "\n\n   if ((high == low + 1) && arr[low] < arr[high])\n      return arr[high];\n \n   int mid = (low + high)/2;   ", "comment": "/* If there are two elements and second is greater then\n the second element is maximum */", "problem_desc": "Find the maximum element in an array which is first increasing and then decreasing", "snippet": " if ((high == low + 1) && arr[low] < arr[high])\nreturn arr[high];\n int mid = (low + high)/2; ", "tokens": ["if", "(", "(", "high", "==", "low", "+", "1", ")", "&&", "arr", "[", "low", "]", "<", "arr", "[", "high", "]", ")", "return", "arr", "[", "high", "]", ";", "int", "mid", "=", "(", "low", "+", "high", ")", "/", "2", ";"], "comment_tokens": ["If", "there", "are", "two", "elements", "and", "second", "is", "greater", "then", "the", "second", "element", "is", "maximum"], "desc_tokens": ["Find", "the", "maximum", "element", "in", "an", "array", "which", "is", "first", "increasing", "and", "then", "decreasing"]}
