{"idx": "2200-C-6", "code": "\n\n   if (arr[mid] > arr[mid + 1] && arr[mid] < arr[mid - 1])\n     return findMaximum(arr, low, mid-1);\n", "comment": "/* If arr[mid] is greater than the next element and smaller than the previous\n element then maximum lies on left side of mid */", "problem_desc": "Find the maximum element in an array which is first increasing and then decreasing", "snippet": " if (arr[mid] > arr[mid + 1] && arr[mid] < arr[mid - 1])\nreturn findMaximum(arr, low, mid-1);", "tokens": ["if", "(", "arr", "[", "mid", "]", ">", "arr", "[", "mid", "+", "1", "]", "&&", "arr", "[", "mid", "]", "<", "arr", "[", "mid", "-", "1", "]", ")", "return", "findMaximum", "(", "arr", ",", "low", ",", "mid", "-", "1", ")", ";"], "comment_tokens": ["If", "arr", "[", "mid", "]", "is", "greater", "than", "the", "next", "element", "and", "smaller", "than", "the", "previous", "element", "then", "maximum", "lies", "on", "left", "side", "of", "mid"], "desc_tokens": ["Find", "the", "maximum", "element", "in", "an", "array", "which", "is", "first", "increasing", "and", "then", "decreasing"]}
