{"idx": "2200-C-8", "code": "\n\nint main()\n{\n   int arr[] = {1, 3, 50, 10, 9, 7, 6};\n   int n = sizeof(arr)/sizeof(arr[0]);\n   printf(\"The maximum element is %d\", findMaximum(arr, 0, n-1));\n   getchar();\n   return 0;\n}\n", "comment": "/* Driver program to check above functions */", "problem_desc": "Find the maximum element in an array which is first increasing and then decreasing", "snippet": "int main()\n{\n int arr[] = {1, 3, 50, 10, 9, 7, 6};\n int n = sizeof(arr)/sizeof(arr[0]);\n printf(\"The maximum element is %d\", findMaximum(arr, 0, n-1));\n getchar();\n return 0;\n}", "tokens": ["int", "main", "(", ")", "{", "int", "arr", "[", "]", "=", "{", "1", ",", "3", ",", "50", ",", "10", ",", "9", ",", "7", ",", "6", "}", ";", "int", "n", "=", "sizeof", "(", "arr", ")", "/", "sizeof", "(", "arr", "[", "0", "]", ")", ";", "printf", "(", "\" The \u2581 maximum \u2581 element \u2581 is \u2581 % d \"", ",", "findMaximum", "(", "arr", ",", "0", ",", "n", "-", "1", ")", ")", ";", "getchar", "(", ")", ";", "return", "0", ";", "}"], "comment_tokens": ["Driver", "program", "to", "check", "above", "functions"], "desc_tokens": ["Find", "the", "maximum", "element", "in", "an", "array", "which", "is", "first", "increasing", "and", "then", "decreasing"]}
