{"idx": "2200-C-5", "code": "\n\n   if ( arr[mid] > arr[mid + 1] && arr[mid] > arr[mid - 1])\n      return arr[mid];\n \n   ", "comment": "/* If we reach a point where arr[mid] is greater than both of\n its adjacent elements arr[mid-1] and arr[mid+1], then arr[mid]\n is the maximum element*/", "problem_desc": "Find the maximum element in an array which is first increasing and then decreasing", "snippet": " if ( arr[mid] > arr[mid + 1] && arr[mid] > arr[mid - 1])\nreturn arr[mid];", "tokens": ["if", "(", "arr", "[", "mid", "]", ">", "arr", "[", "mid", "+", "1", "]", "&&", "arr", "[", "mid", "]", ">", "arr", "[", "mid", "-", "1", "]", ")", "return", "arr", "[", "mid", "]", ";"], "comment_tokens": ["If", "we", "reach", "a", "point", "where", "arr", "[", "mid", "]", "is", "greater", "than", "both", "of", "its", "adjacent", "elements", "arr", "[", "mid", "-", "1", "]", "and", "arr", "[", "mid", "+", "1", "]", ",", "then", "arr", "[", "mid", "]", "is", "the", "maximum", "element"], "desc_tokens": ["Find", "the", "maximum", "element", "in", "an", "array", "which", "is", "first", "increasing", "and", "then", "decreasing"]}
