{"idx": "2291-C-3", "code": "\n\nint main()\n{\n    int a[] = { 1, 2, 4, 5, 6 };\n    int miss = getMissingNo(a, 5);\n    printf(\"%d\", miss);\n    getchar();\n}\n", "comment": "/*program to test above function */", "problem_desc": "Find the Missing Number", "snippet": "int main()\n{\nint a[] = { 1, 2, 4, 5, 6 };\nint miss = getMissingNo(a, 5);\nprintf(\"%d\", miss);\ngetchar();\n}", "tokens": ["int", "main", "(", ")", "{", "int", "a", "[", "]", "=", "{", "1", ",", "2", ",", "4", ",", "5", ",", "6", "}", ";", "int", "miss", "=", "getMissingNo", "(", "a", ",", "5", ")", ";", "printf", "(", "\" % d \"", ",", "miss", ")", ";", "getchar", "(", ")", ";", "}"], "comment_tokens": ["program", "to", "test", "above", "function"], "desc_tokens": ["Find", "the", "Missing", "Number"]}
