{"idx": "2304-C-2", "code": "\n\nint main()\n{\n    int arr[] = { 7, 3, 4, 5, 5, 6, 2 };\n    int n = sizeof(arr) / sizeof(arr[0]);\n    printTwoElements(arr, n);\n    return 0;\n}\n", "comment": "/*Driver code*/", "problem_desc": "Find the repeating and the missing | Added 3 new methods", "snippet": "int main()\n{\nint arr[] = { 7, 3, 4, 5, 5, 6, 2 };\nint n = sizeof(arr) / sizeof(arr[0]);\nprintTwoElements(arr, n);\nreturn 0;\n}", "tokens": ["int", "main", "(", ")", "{", "int", "arr", "[", "]", "=", "{", "7", ",", "3", ",", "4", ",", "5", ",", "5", ",", "6", ",", "2", "}", ";", "int", "n", "=", "sizeof", "(", "arr", ")", "/", "sizeof", "(", "arr", "[", "0", "]", ")", ";", "printTwoElements", "(", "arr", ",", "n", ")", ";", "return", "0", ";", "}"], "comment_tokens": ["Driver", "code"], "desc_tokens": ["Find", "the", "repeating", "and", "the", "missing", "|", "Added", "3", "new", "methods"]}
