{"idx": "2308-C-8", "code": "\n\n    if(arr[i] & set_bit_no)\n      x = x ^ arr[i];\n \n     ", "comment": "/* XOR of first set is finally going to hold one odd\n occurring number x */", "problem_desc": "Find the two numbers with odd occurrences in an unsorted array", "snippet": "if(arr[i] & set_bit_no)\nx = x ^ arr[i];", "tokens": ["if", "(", "arr", "[", "i", "]", "&", "set_bit_no", ")", "x", "=", "x", "^", "arr", "[", "i", "]", ";"], "comment_tokens": ["XOR", "of", "first", "set", "is", "finally", "going", "to", "hold", "one", "odd", "occurring", "number", "x"], "desc_tokens": ["Find", "the", "two", "numbers", "with", "odd", "occurrences", "in", "an", "unsorted", "array"]}
