{"idx": "2308-C-10", "code": "\n\nint main()\n{\n  int arr[] = {4, 2, 4, 5, 2, 3, 3, 1};\n  int arr_size = sizeof(arr)/sizeof(arr[0]);\n  printTwoOdd(arr, arr_size);\n  getchar();\n  return 0;\n}\n", "comment": "/* Driver program to test above function */", "problem_desc": "Find the two numbers with odd occurrences in an unsorted array", "snippet": "int main()\n{\n int arr[] = {4, 2, 4, 5, 2, 3, 3, 1};\n int arr_size = sizeof(arr)/sizeof(arr[0]);\n printTwoOdd(arr, arr_size);\n getchar();\n return 0;\n}", "tokens": ["int", "main", "(", ")", "{", "int", "arr", "[", "]", "=", "{", "4", ",", "2", ",", "4", ",", "5", ",", "2", ",", "3", ",", "3", ",", "1", "}", ";", "int", "arr_size", "=", "sizeof", "(", "arr", ")", "/", "sizeof", "(", "arr", "[", "0", "]", ")", ";", "printTwoOdd", "(", "arr", ",", "arr_size", ")", ";", "getchar", "(", ")", ";", "return", "0", ";", "}"], "comment_tokens": ["Driver", "program", "to", "test", "above", "function"], "desc_tokens": ["Find", "the", "two", "numbers", "with", "odd", "occurrences", "in", "an", "unsorted", "array"]}
