{"idx": "2308-C-2", "code": "\n\nvoid printTwoOdd(int arr[], int size)\n{\n  int xor2 = arr[0]; ", "comment": "/* Prints two numbers that occur odd number of times. The\n function assumes that the array size is at least 2 and\n there are exactly two numbers occurring odd number of times. */", "problem_desc": "Find the two numbers with odd occurrences in an unsorted array", "snippet": "void printTwoOdd(int arr[], int size)\n{\n int xor2 = arr[0]; ", "tokens": ["void", "printTwoOdd", "(", "int", "arr", "[", "]", ",", "int", "size", ")", "{", "int", "xor2", "=", "arr", "[", "0", "]", ";"], "comment_tokens": ["Prints", "two", "numbers", "that", "occur", "odd", "number", "of", "times", ".", "The", "function", "assumes", "that", "the", "array", "size", "is", "at", "least", "2", "and", "there", "are", "exactly", "two", "numbers", "occurring", "odd", "number", "of", "times", "."], "desc_tokens": ["Find", "the", "two", "numbers", "with", "odd", "occurrences", "in", "an", "unsorted", "array"]}
