{"idx": "2308-C-9", "code": "\n\n    else\n      y = y ^ arr[i];\n  }\n \n  printf(\"\\n The two ODD elements are %d & %d \", x, y);\n}\n \n", "comment": "/* XOR of second set is finally going to hold the other\n odd occurring number y */", "problem_desc": "Find the two numbers with odd occurrences in an unsorted array", "snippet": "else\ny = y ^ arr[i];\n }\n printf(\"\\n The two ODD elements are %d & %d \", x, y);\n}", "tokens": ["else", "y", "=", "y", "^", "arr", "[", "i", "]", ";", "}", "printf", "(", "\"", "The", "two", "ODD", "elements", "are", "%", "d", "&", "%", "d", "\"", "}"], "comment_tokens": ["XOR", "of", "second", "set", "is", "finally", "going", "to", "hold", "the", "other", "odd", "occurring", "number", "y"], "desc_tokens": ["Find", "the", "two", "numbers", "with", "odd", "occurrences", "in", "an", "unsorted", "array"]}
