{"idx": "2308-C-7", "code": "\n\n  for(i = 0; i < size; i++)\n  {\n     ", "comment": "/* Now divide elements in two sets: 1) The elements having the corresponding bit as 1. 2) The elements having the corresponding bit as 0. */", "problem_desc": "Find the two numbers with odd occurrences in an unsorted array", "snippet": " for(i = 0; i < size; i++)\n {", "tokens": ["for", "(", "i", "=", "0", ";", "i", "<", "size", ";", "i", "++", ")", "{"], "comment_tokens": ["Now", "divide", "elements", "in", "two", "sets", ":", "1", ")", "The", "elements", "having", "the", "corresponding", "bit", "as", "1.", "2", ")", "The", "elements", "having", "the", "corresponding", "bit", "as", "0."], "desc_tokens": ["Find", "the", "two", "numbers", "with", "odd", "occurrences", "in", "an", "unsorted", "array"]}
