{"idx": "2308-C-6", "code": "\n\n  set_bit_no = xor2 & ~(xor2-1);\n \n  ", "comment": "/* Get one set bit in the xor2. We get rightmost set bit\n in the following line as it is easy to get */", "problem_desc": "Find the two numbers with odd occurrences in an unsorted array", "snippet": " set_bit_no = xor2 & ~(xor2-1);", "tokens": ["set_bit_no", "=", "xor2", "&", "~", "(", "xor2", "-", "1", ")", ";"], "comment_tokens": ["Get", "one", "set", "bit", "in", "the", "xor2", ".", "We", "get", "rightmost", "set", "bit", "in", "the", "following", "line", "as", "it", "is", "easy", "to", "get"], "desc_tokens": ["Find", "the", "two", "numbers", "with", "odd", "occurrences", "in", "an", "unsorted", "array"]}
