{"idx": "2308-C-4", "code": "\n\n  int i;\n  int n = size - 2;\n  int x = 0, y = 0;\n \n  ", "comment": "/* Will have only single set bit of xor2 */", "problem_desc": "Find the two numbers with odd occurrences in an unsorted array", "snippet": " int i;\n int n = size - 2;\n int x = 0, y = 0;", "tokens": ["int", "i", ";", "int", "n", "=", "size", "-", "2", ";", "int", "x", "=", "0", ",", "y", "=", "0", ";"], "comment_tokens": ["Will", "have", "only", "single", "set", "bit", "of", "xor2"], "desc_tokens": ["Find", "the", "two", "numbers", "with", "odd", "occurrences", "in", "an", "unsorted", "array"]}
