{"idx": "2310-C-5", "code": "\n\nint main()\n{\n    int arr[] = {1, 8, 30, 40, 100};\n    int size = sizeof(arr)/sizeof(arr[0]);\n    int n = 60;\n    findPair(arr, size, n);\n    return 0;\n}\n", "comment": "/*Driver program to test above function*/", "problem_desc": "Find a pair with the given difference", "snippet": "int main()\n{\nint arr[] = {1, 8, 30, 40, 100};\nint size = sizeof(arr)/sizeof(arr[0]);\nint n = 60;\nfindPair(arr, size, n);\nreturn 0;\n}", "tokens": ["int", "main", "(", ")", "{", "int", "arr", "[", "]", "=", "{", "1", ",", "8", ",", "30", ",", "40", ",", "100", "}", ";", "int", "size", "=", "sizeof", "(", "arr", ")", "/", "sizeof", "(", "arr", "[", "0", "]", ")", ";", "int", "n", "=", "60", ";", "findPair", "(", "arr", ",", "size", ",", "n", ")", ";", "return", "0", ";", "}"], "comment_tokens": ["Driver", "program", "to", "test", "above", "function"], "desc_tokens": ["Find", "a", "pair", "with", "the", "given", "difference"]}
