{"idx": "2310-C-4", "code": "\n\n    while (i<size && j<size)\n    {\n        if (i != j && arr[j]-arr[i] == n)\n        {\n            printf(\"Pair Found: (%d, %d)\", arr[i], arr[j]);\n            return true;\n        }\n        else if (arr[j]-arr[i] < n)\n            j++;\n        else\n            i++;\n    }\n \n    printf(\"No such pair\");\n    return false;\n}\n \n", "comment": "/* Search for a pair*/", "problem_desc": "Find a pair with the given difference", "snippet": "while (i<size && j<size)\n{\nif (i != j && arr[j]-arr[i] == n)\n{\nprintf(\"Pair Found: (%d, %d)\", arr[i], arr[j]);\nreturn true;\n}\nelse if (arr[j]-arr[i] < n)\nj++;\nelse\ni++;\n}\nprintf(\"No such pair\");\nreturn false;\n}", "tokens": ["while", "(", "i", "<", "size", "&&", "j", "<", "size", ")", "{", "if", "(", "i", "!=", "j", "&&", "arr", "[", "j", "]", "-", "arr", "[", "i", "]", "==", "n", ")", "{", "printf", "(", "\" Pair \u2581 Found : \u2581 ( % d , \u2581 % d ) \"", ",", "arr", "[", "i", "]", ",", "arr", "[", "j", "]", ")", ";", "return", "true", ";", "}", "else", "if", "(", "arr", "[", "j", "]", "-", "arr", "[", "i", "]", "<", "n", ")", "j", "++", ";", "else", "i", "++", ";", "}", "printf", "(", "\" No \u2581 such \u2581 pair \"", ")", ";", "return", "false", ";", "}"], "comment_tokens": ["Search", "for", "a", "pair"], "desc_tokens": ["Find", "a", "pair", "with", "the", "given", "difference"]}
