{"idx": "2311-C-7", "code": "\n\nint main()\n{\n    int A[] = {10, 20, 30, 40, 1, 2};\n    int n = sizeof(A) / sizeof(A[0]);\n    int X = 91;\n    findFourElements (A, n, X);\n    return 0;\n}\n", "comment": "/*Driver program to test above function*/", "problem_desc": "Find four elements that sum to a given value | Set 1 (n^3 solution)", "snippet": "int main()\n{\nint A[] = {10, 20, 30, 40, 1, 2};\nint n = sizeof(A) / sizeof(A[0]);\nint X = 91;\nfindFourElements (A, n, X);\nreturn 0;\n}", "tokens": ["int", "main", "(", ")", "{", "int", "A", "[", "]", "=", "{", "10", ",", "20", ",", "30", ",", "40", ",", "1", ",", "2", "}", ";", "int", "n", "=", "sizeof", "(", "A", ")", "/", "sizeof", "(", "A", "[", "0", "]", ")", ";", "int", "X", "=", "91", ";", "findFourElements", "(", "A", ",", "n", ",", "X", ")", ";", "return", "0", ";", "}"], "comment_tokens": ["Driver", "program", "to", "test", "above", "function"], "desc_tokens": ["Find", "four", "elements", "that", "sum", "to", "a", "given", "value", "|", "Set", "1", "(", "n", "^", "3", "solution", ")"]}
