{"idx": "2311-C-4", "code": "\n\n    for (int j = i+1; j < n-2; j++)\n    {\n", "comment": "/* Fix the second element and find other two*/", "problem_desc": "Find four elements that sum to a given value | Set 1 (n^3 solution)", "snippet": "for (int j = i+1; j < n-2; j++)\n{", "tokens": ["for", "(", "int", "j", "=", "i", "+", "1", ";", "j", "<", "n", "-", "2", ";", "j", "++", ")", "{"], "comment_tokens": ["Fix", "the", "second", "element", "and", "find", "other", "two"], "desc_tokens": ["Find", "four", "elements", "that", "sum", "to", "a", "given", "value", "|", "Set", "1", "(", "n", "^", "3", "solution", ")"]}
