{"idx": "2311-C-2", "code": "\n\nvoid findFourElements(int A[], int n, int X)\n{\n", "comment": "/* A naive solution to print all combination of 4 elements in A[]\n with sum equal to X */", "problem_desc": "Find four elements that sum to a given value | Set 1 (n^3 solution)", "snippet": "void findFourElements(int A[], int n, int X)\n{", "tokens": ["void", "findFourElements", "(", "int", "A", "[", "]", ",", "int", "n", ",", "int", "X", ")", "{"], "comment_tokens": ["A", "naive", "solution", "to", "print", "all", "combination", "of", "4", "elements", "in", "A", "[", "]", "with", "sum", "equal", "to", "X"], "desc_tokens": ["Find", "four", "elements", "that", "sum", "to", "a", "given", "value", "|", "Set", "1", "(", "n", "^", "3", "solution", ")"]}
