{"idx": "2311-C-5", "code": "\n\n      for (int k = j+1; k < n-1; k++)\n      {\n", "comment": "/* Fix the third element and find the fourth*/", "problem_desc": "Find four elements that sum to a given value | Set 1 (n^3 solution)", "snippet": "for (int k = j+1; k < n-1; k++)\n{", "tokens": ["for", "(", "int", "k", "=", "j", "+", "1", ";", "k", "<", "n", "-", "1", ";", "k", "++", ")", "{"], "comment_tokens": ["Fix", "the", "third", "element", "and", "find", "the", "fourth"], "desc_tokens": ["Find", "four", "elements", "that", "sum", "to", "a", "given", "value", "|", "Set", "1", "(", "n", "^", "3", "solution", ")"]}
