{"idx": "2311-C-6", "code": "\n\n        for (int l = k+1; l < n; l++)\n           if (A[i] + A[j] + A[k] + A[l] == X)\n              printf(\"%d, %d, %d, %d\", A[i], A[j], A[k], A[l]);\n      }\n    }\n  }\n}\n \n", "comment": "/* find the fourth*/", "problem_desc": "Find four elements that sum to a given value | Set 1 (n^3 solution)", "snippet": "for (int l = k+1; l < n; l++)\nif (A[i] + A[j] + A[k] + A[l] == X)\nprintf(\"%d, %d, %d, %d\", A[i], A[j], A[k], A[l]);\n}\n}\n }\n}", "tokens": ["for", "(", "int", "l", "=", "k", "+", "1", ";", "l", "<", "n", ";", "l", "++", ")", "if", "(", "A", "[", "i", "]", "+", "A", "[", "j", "]", "+", "A", "[", "k", "]", "+", "A", "[", "l", "]", "==", "X", ")", "printf", "(", "\" % d , \u2581 % d , \u2581 % d , \u2581 % d \"", ",", "A", "[", "i", "]", ",", "A", "[", "j", "]", ",", "A", "[", "k", "]", ",", "A", "[", "l", "]", ")", ";", "}", "}", "}", "}"], "comment_tokens": ["find", "the", "fourth"], "desc_tokens": ["Find", "four", "elements", "that", "sum", "to", "a", "given", "value", "|", "Set", "1", "(", "n", "^", "3", "solution", ")"]}
