{"idx": "747-C-4", "code": "\n\n  printSorted(arr, start*2 + 2, end); \n}\n", "comment": "/* print right subtree*/", "problem_desc": "Sorted order printing of a given array that represents a BST", "snippet": " printSorted(arr, start*2 + 2, end); \n}", "tokens": ["printSorted", "(", "arr", ",", "start", "*", "2", "+", "2", ",", "end", ")", ";", "}"], "comment_tokens": ["print", "right", "subtree"], "desc_tokens": ["Sorted", "order", "printing", "of", "a", "given", "array", "that", "represents", "a", "BST"]}
