{"idx": "747-C-1", "code": "\n\n#include<stdio.h>\nvoid printSorted(int arr[], int start, int end)\n{    \n  if(start > end)\n    return;\n", "comment": "/*C Code for Sorted order printing of a\ngiven array that represents a BST*/", "problem_desc": "Sorted order printing of a given array that represents a BST", "snippet": "#include<stdio.h>\nvoid printSorted(int arr[], int start, int end)\n{\n if(start > end)\nreturn;", "tokens": ["#include", "<stdio.h>", "NEW_LINE", "void", "printSorted", "(", "int", "arr", "[", "]", ",", "int", "start", ",", "int", "end", ")", "{", "if", "(", "start", ">", "end", ")", "return", ";"], "comment_tokens": ["C", "Code", "for", "Sorted", "order", "printing", "of", "a", "given", "array", "that", "represents", "a", "BST"], "desc_tokens": ["Sorted", "order", "printing", "of", "a", "given", "array", "that", "represents", "a", "BST"]}
