{"idx": "821-C-3", "code": "\n\nvoid Kroneckerproduct(int A[][cola], int B[][colb])\n{\n    int C[rowa * rowb][cola * colb];\n", "comment": "/*Function to computes the Kronecker Product\nof two matrices*/", "problem_desc": "Kronecker Product of two matrices", "snippet": "void Kroneckerproduct(int A[][cola], int B[][colb])\n{\nint C[rowa * rowb][cola * colb];", "tokens": ["void", "Kroneckerproduct", "(", "int", "A", "[", "]", "[", "cola", "]", ",", "int", "B", "[", "]", "[", "colb", "]", ")", "{", "int", "C", "[", "rowa", "*", "rowb", "]", "[", "cola", "*", "colb", "]", ";"], "comment_tokens": ["Function", "to", "computes", "the", "Kronecker", "Product", "of", "two", "matrices"], "desc_tokens": ["Kronecker", "Product", "of", "two", "matrices"]}
