{"idx": "836-C-1", "code": "\n\n#include<stdio.h>\nint Identity(int num)\n{\n    int row, col;\n    for (row = 0; row < num; row++)\n    {\n        for (col = 0; col < num; col++)\n        {\n", "comment": "/*C program to print Identity Matrix*/", "problem_desc": "Program for Identity Matrix", "snippet": "#include<stdio.h>\nint Identity(int num)\n{\nint row, col;\nfor (row = 0; row < num; row++)\n{\nfor (col = 0; col < num; col++)\n{", "tokens": ["#include", "<stdio.h>", "NEW_LINE", "int", "Identity", "(", "int", "num", ")", "{", "int", "row", ",", "col", ";", "for", "(", "row", "=", "0", ";", "row", "<", "num", ";", "row", "++", ")", "{", "for", "(", "col", "=", "0", ";", "col", "<", "num", ";", "col", "++", ")", "{"], "comment_tokens": ["C", "program", "to", "print", "Identity", "Matrix"], "desc_tokens": ["Program", "for", "Identity", "Matrix"]}
