{"idx": "836-C-2", "code": "\n\n            if (row == col)\n                printf(\"%d \", 1);\n            else\n                printf(\"%d \", 0);\n        }\n        printf(\"\\n\");\n    }\n    return 0;\n}\n", "comment": "/* Checking if row is equal to column*/", "problem_desc": "Program for Identity Matrix", "snippet": "if (row == col)\nprintf(\"%d \", 1);\nelse\nprintf(\"%d \", 0);\n}\nprintf(\"\\n\");\n}\nreturn 0;\n}", "tokens": ["if", "(", "row", "==", "col", ")", "printf", "(", "\" % d \u2581 \"", ",", "1", ")", ";", "else", "printf", "(", "\" % d \u2581 \"", ",", "0", ")", ";", "}", "printf", "(", "\" STRNEWLINE \"", ")", ";", "}", "return", "0", ";", "}"], "comment_tokens": ["Checking", "if", "row", "is", "equal", "to", "column"], "desc_tokens": ["Program", "for", "Identity", "Matrix"]}
