{"idx": "848-C-4", "code": "\n\nelse \n            i++;\n    }\n    printf(\"n Element not found\");\n", "comment": "/*if mat[i][j] < x*/", "problem_desc": "Search in a row wise and column wise sorted matrix", "snippet": "else \ni++;\n}\nprintf(\"n Element not found\");", "tokens": ["else", "i", "++", ";", "}", "printf", "(", "\" n \u2581 Element \u2581 not \u2581 found \"", ")", ";"], "comment_tokens": ["if", "mat", "[", "i", "]", "[", "j", "]", "<", "x"], "desc_tokens": ["Search", "in", "a", "row", "wise", "and", "column", "wise", "sorted", "matrix"]}
