{"idx": "848-C-3", "code": "\n\n    int i = 0, j = n - 1;\n    while (i < n && j >= 0)\n    {\n        if (mat[i][j] == x)\n        {\n            printf(\"\\n Found at %d, %d\", i, j);\n            return 1;\n        }\n        if (mat[i][j] > x)\n            j--;\n", "comment": "/* set indexes for top right element*/", "problem_desc": "Search in a row wise and column wise sorted matrix", "snippet": "int i = 0, j = n - 1;\nwhile (i < n && j >= 0)\n{\nif (mat[i][j] == x)\n{\nprintf(\"\\n Found at %d, %d\", i, j);\nreturn 1;\n}\nif (mat[i][j] > x)\nj--;", "tokens": ["int", "i", "=", "0", ",", "j", "=", "n", "-", "1", ";", "while", "(", "i", "<", "n", "&&", "j", ">=", "0", ")", "{", "if", "(", "mat", "[", "i", "]", "[", "j", "]", "==", "x", ")", "{", "printf", "(", "\"", "Found", "at", "%", "d", ",", "%", "d", "\"", ",", "i", ",", "j", ")", ";", "return", "1", ";", "}", "if", "(", "mat", "[", "i", "]", "[", "j", "]", ">", "x", ")", "j", "--", ";"], "comment_tokens": ["set", "indexes", "for", "top", "right", "element"], "desc_tokens": ["Search", "in", "a", "row", "wise", "and", "column", "wise", "sorted", "matrix"]}
