{"idx": "848-C-2", "code": "\n\nint search(int mat[4][4], int n, int x)\n{\n    if (n == 0)\n        return -1;\n    int smallest = mat[0][0], largest = mat[n - 1][n - 1];\n    if (x < smallest || x > largest)\n        return -1;\n", "comment": "/* Searches the element x in mat[][]. If the\nelement is found, then prints its position\nand returns true, otherwise prints \"not found\"\nand returns false */", "problem_desc": "Search in a row wise and column wise sorted matrix", "snippet": "int search(int mat[4][4], int n, int x)\n{\nif (n == 0)\nreturn -1;\nint smallest = mat[0][0], largest = mat[n - 1][n - 1];\nif (x < smallest x > largest)\nreturn -1;", "tokens": ["int", "search", "(", "int", "mat", "[", "4", "]", "[", "4", "]", ",", "int", "n", ",", "int", "x", ")", "{", "if", "(", "n", "==", "0", ")", "return", "-1", ";", "int", "smallest", "=", "mat", "[", "0", "]", "[", "0", "]", ",", "largest", "=", "mat", "[", "n", "-", "1", "]", "[", "n", "-", "1", "]", ";", "if", "(", "x", "<", "smallest", "x", ">", "largest", ")", "return", "-1", ";"], "comment_tokens": ["Searches", "the", "element", "x", "in", "mat", "[", "]", "[", "]", ".", "If", "the", "element", "is", "found", ",", "then", "prints", "its", "position", "and", "returns", "true", ",", "otherwise", "prints", "\" not \u2581 found \"", "and", "returns", "false"], "desc_tokens": ["Search", "in", "a", "row", "wise", "and", "column", "wise", "sorted", "matrix"]}
