{"idx": "848-C-6", "code": "\n\nint main()\n{\n    int mat[4][4] = {\n        { 10, 20, 30, 40 },\n        { 15, 25, 35, 45 },\n        { 27, 29, 37, 48 },\n        { 32, 33, 39, 50 },\n    };\n    search(mat, 4, 29);\n    return 0;\n}", "comment": "/*driver program to test above function*/", "problem_desc": "Search in a row wise and column wise sorted matrix", "snippet": "int main()\n{\nint mat[4][4] = {\n{ 10, 20, 30, 40 },\n{ 15, 25, 35, 45 },\n{ 27, 29, 37, 48 },\n{ 32, 33, 39, 50 },\n};\nsearch(mat, 4, 29);\nreturn 0;\n}", "tokens": ["int", "main", "(", ")", "{", "int", "mat", "[", "4", "]", "[", "4", "]", "=", "{", "{", "10", ",", "20", ",", "30", ",", "40", "}", ",", "{", "15", ",", "25", ",", "35", ",", "45", "}", ",", "{", "27", ",", "29", ",", "37", ",", "48", "}", ",", "{", "32", ",", "33", ",", "39", ",", "50", "}", ",", "}", ";", "search", "(", "mat", ",", "4", ",", "29", ")", ";", "return", "0", ";", "}"], "comment_tokens": ["driver", "program", "to", "test", "above", "function"], "desc_tokens": ["Search", "in", "a", "row", "wise", "and", "column", "wise", "sorted", "matrix"]}
