{"idx": "960-C-2", "code": "\n\nvoid add(int A[][N], int B[][N], int C[][N])\n{\n    int i, j;\n    for (i = 0; i < N; i++)\n        for (j = 0; j < N; j++)\n            C[i][j] = A[i][j] + B[i][j];\n}\n\n", "comment": "/*This function adds A[][] and B[][], and stores\nthe result in C[][]*/", "problem_desc": "Program for addition of two matrices", "snippet": "void add(int A[][N], int B[][N], int C[][N])\n{\nint i, j;\nfor (i = 0; i < N; i++)\nfor (j = 0; j < N; j++)\nC[i][j] = A[i][j] + B[i][j];\n}", "tokens": ["void", "add", "(", "int", "A", "[", "]", "[", "N", "]", ",", "int", "B", "[", "]", "[", "N", "]", ",", "int", "C", "[", "]", "[", "N", "]", ")", "{", "int", "i", ",", "j", ";", "for", "(", "i", "=", "0", ";", "i", "<", "N", ";", "i", "++", ")", "for", "(", "j", "=", "0", ";", "j", "<", "N", ";", "j", "++", ")", "C", "[", "i", "]", "[", "j", "]", "=", "A", "[", "i", "]", "[", "j", "]", "+", "B", "[", "i", "]", "[", "j", "]", ";", "}"], "comment_tokens": ["This", "function", "adds", "A", "[", "]", "[", "]", "and", "B", "[", "]", "[", "]", ",", "and", "stores", "the", "result", "in", "C", "[", "]", "[", "]"], "desc_tokens": ["Program", "for", "addition", "of", "two", "matrices"]}
