{"idx": "961-C-3", "code": "\nint main()\n{\n    int A[N][N] = { {1, 1, 1, 1},\n                    {2, 2, 2, 2},\n                    {3, 3, 3, 3},\n                    {4, 4, 4, 4}};\n    int B[N][N] = { {1, 1, 1, 1},\n                    {2, 2, 2, 2},\n                    {3, 3, 3, 3},\n                    {4, 4, 4, 4}};\nint C[N][N]; \n    int i, j;\n    subtract(A, B, C);\n    printf(\"Result matrix is \\n\");\n    for (i = 0; i < N; i++)\n    {\n        for (j = 0; j < N; j++)\n           printf(\"%d \", C[i][j]);\n        printf(\"\\n\");\n    }\n    return 0;\n}", "comment": "/*To store result*/", "problem_desc": "Program for subtraction of matrices", "snippet": "int main()\n{\nint A[N][N] = { {1, 1, 1, 1},\n{2, 2, 2, 2},\n{3, 3, 3, 3},\n{4, 4, 4, 4}};\nint B[N][N] = { {1, 1, 1, 1},\n{2, 2, 2, 2},\n{3, 3, 3, 3},\n{4, 4, 4, 4}};\nint C[N][N]; \nint i, j;\nsubtract(A, B, C);\nprintf(\"Result matrix is \\n\");\nfor (i = 0; i < N; i++)\n{\nfor (j = 0; j < N; j++)\nprintf(\"%d \", C[i][j]);\nprintf(\"\\n\");\n}\nreturn 0;\n}", "tokens": ["int", "main", "(", ")", "{", "int", "A", "[", "N", "]", "[", "N", "]", "=", "{", "{", "1", ",", "1", ",", "1", ",", "1", "}", ",", "{", "2", ",", "2", ",", "2", ",", "2", "}", ",", "{", "3", ",", "3", ",", "3", ",", "3", "}", ",", "{", "4", ",", "4", ",", "4", ",", "4", "}", "}", ";", "int", "B", "[", "N", "]", "[", "N", "]", "=", "{", "{", "1", ",", "1", ",", "1", ",", "1", "}", ",", "{", "2", ",", "2", ",", "2", ",", "2", "}", ",", "{", "3", ",", "3", ",", "3", ",", "3", "}", ",", "{", "4", ",", "4", ",", "4", ",", "4", "}", "}", ";", "int", "C", "[", "N", "]", "[", "N", "]", ";", "int", "i", ",", "j", ";", "subtract", "(", "A", ",", "B", ",", "C", ")", ";", "printf", "(", "\" Result \u2581 matrix \u2581 is \u2581 STRNEWLINE \"", ")", ";", "for", "(", "i", "=", "0", ";", "i", "<", "N", ";", "i", "++", ")", "{", "for", "(", "j", "=", "0", ";", "j", "<", "N", ";", "j", "++", ")", "printf", "(", "\" % d \u2581 \"", ",", "C", "[", "i", "]", "[", "j", "]", ")", ";", "printf", "(", "\" STRNEWLINE \"", ")", ";", "}", "return", "0", ";", "}"], "comment_tokens": ["To", "store", "result"], "desc_tokens": ["Program", "for", "subtraction", "of", "matrices"]}
